date,start_time,end_time,CAD #,event_name,location,Participating Member 1,Participating Member 2,Participating Member 3,Participating Member 4,Participating Member 5,Participating Member 6,Participating Member 7,Participating Member 8,Participating Member 9,Participating Memb 10,pre_calculated_duration,pre_calculated_count,duration_hours,attendee_count,office,division,data_source,processed_date,Event ID,Total Time,# of LEAD Classes,CAD#,Attendees,Attendees2,Attendees3,Attendees4,Attendees5,Free Type Attendees,Event Name,Patrol Members Assigned,description
2025-01-01 00:00:00,12:45:00,13:45:00,No CAD Entry,Procession Holy Trinity Church,Holy Trinity,H-COP1,,,,,,,,,,0 days 01:00:00,1.0,1.0,1,Community Engagement,Outreach,community_engagement,2025-09-04,,,,,,,,,,,,,
2025-01-05 00:00:00,08:40:00,09:55:00,25-003022,Trinity Baptist Church,218 Passaic st,"Alvarez, Christian",,,,,,,,,,0 days 01:15:00,1.0,1.25,1,Community Engagement,Outreach,community_engagement,2025-09-04,,,,,,,,,,,,,
2025-01-15 00:00:00,09:30:00,12:00:00,No CAD Entry,Community Engagement Task ,2 Bergen Plaza,"Dominguez, Luis","Revi, Arauki",,,,,,,,,0 days 02:30:00,2.0,2.5,2,Community Engagement,Outreach,community_engagement,2025-09-04,,,,,,,,,,,,,
2025-01-21 00:00:00,10:00:00,11:00:00,25-005612,MLK Senior Center,375 First st,"Weber, Ryan","Zisa, Gregory","Revi, Arauki",,,,,,,,0 days 01:00:00,3.0,1.0,3,Community Engagement,Outreach,community_engagement,2025-09-04,,,,,,,,,,,,,
2025-01-21 00:00:00,13:00:00,15:00:00,25-008179,The Center for Alcohol & Drug Resources,274 Main st,"Revi, Arauki",,,,,,,,,,0 days 02:00:00,1.0,2.0,1,Community Engagement,Outreach,community_engagement,2025-09-04,,,,,,,,,,,,,
2025-01-27 00:00:00,13:00:00,18:00:00,25-007359,Blood Drive,215 Hackensack ,"Revi, Arauki",,,,,,,,,,0 days 05:00:00,1.0,5.0,1,Community Engagement,Outreach,community_engagement,2025-09-04,,,,,,,,,,,,,
2025-02-07 00:00:00,12:00:00,14:00:00,25-010530,Hope One Van,380 W. Pleasantview,"Revi, Arauki",,,,,,,,,,0 days 02:00:00,1.0,2.0,1,Community Engagement,Outreach,community_engagement,2025-09-04,,,,,,,,,,,,,
2025-02-10 00:00:00,10:00:00,11:30:00,25-011269,Bergen County Adult Services tour ,225 State st,"Revi, Arauki","Katsaroans, Felix",,,,,,,,,0 days 01:30:00,2.0,1.5,2,Community Engagement,Outreach,community_engagement,2025-09-04,,,,,,,,,,,,,
2025-02-18 00:00:00,19:00:00,21:00:00,25-013573,Welcome Ramadan ,102 State st,"Revi, Arauki","Zisa, Gregory",,,,,,,,,0 days 02:00:00,2.0,2.0,2,Community Engagement,Outreach,community_engagement,2025-09-04,,,,,,,,,,,,,
2025-02-19 00:00:00,15:00:00,17:00:00,,Coat Drive for Kids,170b Sussex st,"Revi, Arauki",,,,,,,,,,0 days 02:00:00,1.0,2.0,1,Community Engagement,Outreach,community_engagement,2025-09-04,,,,,,,,,,,,,
2025-02-24 00:00:00,17:00:00,19:00:00,25-015693,Kids Movie Event,274 Main st,"Carroll, Demetrius",,,,,,,,,,0 days 02:00:00,1.0,2.0,1,Community Engagement,Outreach,community_engagement,2025-09-04,,,,,,,,,,,,,
2025-02-25 00:00:00,18:30:00,20:30:00,25-015694,Black History Month Celebration,Civic Center,"Carroll, Demetrius",,,,,,,,,,0 days 02:00:00,1.0,2.0,1,Community Engagement,Outreach,community_engagement,2025-09-04,,,,,,,,,,,,,
2025-03-03 00:00:00,10:00:00,10:45:00,25-017070,"ECDC ""Read Across America",,"Revi, Arauki",,,,,,,,,,0 days 00:45:00,1.0,0.75,1,Community Engagement,Outreach,community_engagement,2025-09-04,,,,,,,,,,,,,
2025-03-04 00:00:00,10:00:00,10:30:00,25-017374,"ECDC ""Read Across America",,"Revi, Arauki",,,,,,,,,,0 days 00:30:00,1.0,0.5,1,Community Engagement,Outreach,community_engagement,2025-09-04,,,,,,,,,,,,,
2025-03-18 00:00:00,13:00:00,15:00:00,,The Center for Alcohol & Drug Resources,274 Mai st,"Katsaroans, Felix",,,,,,,,,,0 days 02:00:00,1.0,2.0,1,Community Engagement,Outreach,community_engagement,2025-09-04,,,,,,,,,,,,,
2025-03-19 00:00:00,10:00:00,11:00:00,,"Career Day ""High School""",225 State st,"Dominguez, Luis",,,,,,,,,,0 days 01:00:00,1.0,1.0,1,Community Engagement,Outreach,community_engagement,2025-09-04,,,,,,,,,,,,,
2025-03-22 00:00:00,10:00:00,13:00:00,,4th Annual Wellness Journey,Civic Center,"Carroll, Demetrius","Mora, John",,,,,,,,,0 days 03:00:00,2.0,3.0,2,Community Engagement,Outreach,community_engagement,2025-09-04,,,,,,,,,,,,,
2025-03-26 00:00:00,18:00:00,20:00:00,,Women's History Month,102 State st,,,,,,,,,,,0 days 02:00:00,,2.0,1,Community Engagement,Outreach,community_engagement,2025-09-04,,,,,,,,,,,,,
2025-03-29 00:00:00,08:30:00,10:30:00,25-025324,4th Annual Wellness Journey,Civic Center,"Revi, Arauki",,,,,,,,,,0 days 02:00:00,1.0,2.0,1,Community Engagement,Outreach,community_engagement,2025-09-04,,,,,,,,,,,,,
2025-04-01 00:00:00,10:35:00,11:05:00,25-026207,Meeting with Home Depot Manager,450 Hackensack,"Revi, Arauki",,,,,,,,,,0 days 00:30:00,1.0,0.5,1,Community Engagement,Outreach,community_engagement,2025-09-04,,,,,,,,,,,,,
2025-04-02 00:00:00,18:00:00,19:00:00,,Family Yoga,116 Holt st,,,,,,,,,,,0 days 01:00:00,,1.0,1,Community Engagement,Outreach,community_engagement,2025-09-04,,,,,,,,,,,,,
2025-04-04 00:00:00,12:00:00,14:00:00,25-027322,Hope One Van,472 Main st,"Revi, Arauki",,,,,,,,,,0 days 02:00:00,1.0,2.0,1,Community Engagement,Outreach,community_engagement,2025-09-04,,,,,,,,,,,,,
2025-04-05 00:00:00,08:30:00,10:30:00,,4th Annual Wellness Journey,Civic Center,"Revi, Arauki",,,,,,,,,,0 days 02:00:00,1.0,2.0,1,Community Engagement,Outreach,community_engagement,2025-09-04,,,,,,,,,,,,,
2025-04-10 00:00:00,14:00:00,19:00:00,25-029182,Bergen Promise IDD Autism,3 University Plz,"Revi, Arauki",,,,,,,,,,0 days 05:00:00,1.0,5.0,1,Community Engagement,Outreach,community_engagement,2025-09-04,,,,,,,,,,,,,
2025-04-12 00:00:00,08:30:00,10:30:00,,4th Annual Wellness Journey,Civic Center,"Revi, Arauki",,,,,,,,,,0 days 02:00:00,1.0,2.0,1,Community Engagement,Outreach,community_engagement,2025-09-04,,,,,,,,,,,,,
2025-04-15 00:00:00,13:00:00,15:00:00,25-030683,The Center for Alcohol & Drug Resources,274 Main st,"Revi, Arauki",,,,,,,,,,0 days 02:00:00,1.0,2.0,1,Community Engagement,Outreach,community_engagement,2025-09-04,,,,,,,,,,,,,
2025-04-15 00:00:00,16:00:00,17:00:00,25-030736,Easter Egg Hunt,Johnson Park,"Revi, Arauki","Tabares, Angie M",,,,,,,,,0 days 01:00:00,2.0,1.0,2,Community Engagement,Outreach,community_engagement,2025-09-04,,,,,,,,,,,,,
2025-04-16 00:00:00,10:00:00,11:00:00,25-030936,Pedestrian Safety Presentation,Johnson Library,"Revi, Arauki","Gallorini, Gaetano",,,,,,,,,0 days 01:00:00,2.0,1.0,2,Community Engagement,Outreach,community_engagement,2025-09-04,,,,,,,,,,,,,
2025-04-16 00:00:00,12:00:00,14:00:00,25-030979,Hope One Van,Stop & Shop,"Revi, Arauki",,,,,,,,,,0 days 02:00:00,1.0,2.0,1,Community Engagement,Outreach,community_engagement,2025-09-04,,,,,,,,,,,,,
2025-04-17 00:00:00,10:00:00,11:00:00,25-031221,Pedestrian Safety Presentation,Johnson Library,"Revi, Arauki",,,,,,,,,,0 days 01:00:00,1.0,1.0,1,Community Engagement,Outreach,community_engagement,2025-09-04,,,,,,,,,,,,,
2025-04-22 00:00:00,10:00:00,11:30:00,25-032778,Pedestrian Safety Presentation,MLK Senior Center Building,"Revi, Arauki","Jacobsen, Matthew",,,,,,,,,0 days 01:30:00,2.0,1.5,2,Community Engagement,Outreach,community_engagement,2025-09-04,,,,,,,,,,,,,
2025-04-23 00:00:00,17:00:00,18:00:00,25-033263,Johnson Park Sport Complex Ground,Johnson Park,"Revi, Arauki",,,,,,,,,,0 days 01:00:00,1.0,1.0,1,Community Engagement,Outreach,community_engagement,2025-09-04,,,,,,,,,,,,,
2025-04-24 00:00:00,08:00:00,16:00:00,,Bring Your Kid to Work Day,Headquarters,"Revi, Arauki",,,,,,,,,,0 days 08:00:00,1.0,8.0,1,Community Engagement,Outreach,community_engagement,2025-09-04,,,,,,,,,,,,,
2025-04-25 00:00:00,09:30:00,10:30:00,25-033795,Arbor Day,Nellie K. Parker School,"Revi, Arauki","Dominguez, Luis","Katsaroans, Felix","DiPersia, Anthony",,,,,,,0 days 01:00:00,4.0,1.0,4,Community Engagement,Outreach,community_engagement,2025-09-04,,,,,,,,,,,,,
2025-04-25 00:00:00,12:15:00,13:00:00,25-033859,Community Engagement Task ,T-4,"Revi, Arauki","Dalton, John",,,,,,,,,0 days 00:45:00,2.0,0.75,2,Community Engagement,Outreach,community_engagement,2025-09-04,,,,,,,,,,,,,
2025-04-30 00:00:00,14:00:00,15:30:00,25-035471,Nellie K. Parker Street Nameing Vestibule,Nellie K. Parker School,"Revi, Arauki",,,,,,,,,,0 days 01:30:00,1.0,1.5,1,Community Engagement,Outreach,community_engagement,2025-09-04,,,,,,,,,,,,,
2025-05-01 00:00:00,16:20:00,17:00:00,25-035779,Sole Society Grand Opening,195 Main st,"Revi, Arauki",,,,,,,,,,0 days 00:40:00,1.0,0.67,1,Community Engagement,Outreach,community_engagement,2025-09-04,,,,,,,,,,,,,
2025-05-04 00:00:00,09:00:00,13:00:00,25-036589,Slam Dunk the Junk,102 State st,"Revi, Arauki",,,,,,,,,,0 days 04:00:00,1.0,4.0,1,Community Engagement,Outreach,community_engagement,2025-09-04,,,,,,,,,,,,,
2025-05-07 00:00:00,18:00:00,19:00:00,25-037852,UNIT Community Meeting,Civic Center,"Dalton, John","Revi, Arauki",,,,,,,,,0 days 01:00:00,2.0,1.0,2,Community Engagement,Outreach,community_engagement,2025-09-04,,,,,,,,,,,,,
2025-05-10 00:00:00,11:00:00,15:00:00,25-038471,Care on the Corner,251 State st,"Revi, Arauki","Lopez, Paula",,,,,,,,,0 days 04:00:00,2.0,4.0,2,Community Engagement,Outreach,community_engagement,2025-09-04,,,,,,,,,,,,,
2025-05-14 00:00:00,09:15:00,13:00:00,No CAD Entry,Boulders Game (R.I.S.E),York Town NY,"DiPersia, Anthony","DelCarpio, Mark","Revi, Arauki","Reyes, Evelyn","Lara-Nunez, Cristobal",,,,,,0 days 03:45:00,5.0,3.75,5,Community Engagement,Outreach,community_engagement,2025-09-04,,,,,,,,,,,,,
2025-05-15 00:00:00,17:00:00,20:00:00,25-040136,Main St EXPO,102 State st,"Smith, James","Revi, Arauki",,,,,,,,,0 days 03:00:00,2.0,3.0,2,Community Engagement,Outreach,community_engagement,2025-09-04,,,,,,,,,,,,,
2025-05-16 00:00:00,08:30:00,14:00:00,No CAD Entry,Bergen Promise Breakfast,199 Paramus RD,"Zisa, Gregory","DiPersia, Anthony","Revi, Arauki","Reyes, Evelyn",,,,,,,0 days 05:30:00,4.0,5.5,4,Community Engagement,Outreach,community_engagement,2025-09-04,,,,,,,,,,,,,
2025-05-17 00:00:00,08:00:00,14:00:00,25-040613,4th Annual Popsicle Event,102 State st,"DiPersia, Anthony","Revi, Arauki",,,,,,,,,0 days 06:00:00,2.0,6.0,2,Community Engagement,Outreach,community_engagement,2025-09-04,,,,,,,,,,,,,
2025-05-20 00:00:00,13:00:00,15:00:00,25-041494,The Center for Alcohol & Drug Resources,274 Main st,"Revi, Arauki",,,,,,,,,,0 days 02:00:00,1.0,2.0,1,Community Engagement,Outreach,community_engagement,2025-09-04,,,,,,,,,,,,,
2025-05-21 00:00:00,12:00:00,14:00:00,,Hope One Van,492 Main st (AlDI),"Revi, Arauki",,,,,,,,,,0 days 02:00:00,1.0,2.0,1,Community Engagement,Outreach,community_engagement,2025-09-04,,,,,,,,,,,,,
2025-05-26 00:00:00,10:00:00,11:00:00,,Annual Memorial Day Wreath Laying ,Veterans Park,"Garrett, Frankie",,,,,,,,,,0 days 01:00:00,1.0,1.0,1,Community Engagement,Outreach,community_engagement,2025-09-04,,,,,,,,,,,,,
2025-05-28 00:00:00,10:00:00,11:30:00,25-043795,MLK Senior Center,375 First st,"Revi, Arauki","Jacobsen, Matthew",,,,,,,,,0 days 01:30:00,2.0,1.5,2,Community Engagement,Outreach,community_engagement,2025-09-04,,,,,,,,,,,,,
2025-05-28 00:00:00,11:30:00,13:30:00,25-043817,Hope One Van (Stop & Shop),380 W. Pleasantview,"Revi, Arauki",,,,,,,,,,0 days 02:00:00,1.0,2.0,1,Community Engagement,Outreach,community_engagement,2025-09-04,,,,,,,,,,,,,
2025-05-30 00:00:00,15:30:00,16:15:00,25-044506,LGTBQ Flag Raising,102 State st,"Revi, Arauki",,,,,,,,,,0 days 00:45:00,1.0,0.75,1,Community Engagement,Outreach,community_engagement,2025-09-04,,,,,,,,,,,,,
2025-05-30 00:00:00,12:00:00,13:00:00,25-044418,Fanny Hillers Middle School,,"Antista, Michael","DiPersia, Anthony","Revi, Arauki",,,,,,,,0 days 01:00:00,3.0,1.0,3,Community Engagement,Outreach,community_engagement,2025-09-04,,,,,,,,,,,,,
2025-06-02 00:00:00,10:00:00,12:30:00,No CAD Entry,Joint PAC PACADA & Prosecutor's Special N,HQ,"Revi, Arauki",,,,,,,,,,0 days 02:30:00,1.0,2.5,1,Community Engagement,Outreach,community_engagement,2025-09-04,,,,,,,,,,,,,
2025-06-03 00:00:00,09:15:00,13:45:00,No CAD Entry,Boulders Game (R.I.S.E),NYC,"DiPersia, Anthony","Revi, Arauki","Reyes, Evelyn","Katsaroans, Felix",,,,,,,0 days 04:30:00,4.0,4.5,4,Community Engagement,Outreach,community_engagement,2025-09-04,,,,,,,,,,,,,
2025-06-04 00:00:00,09:00:00,10:00:00,No CAD Entry,CHIEF FOR A DAY Presentation,207 Poplar ave,"Antista, Michael","Zisa, Gregory","Katsaroans, Felix",,,,,,,,0 days 01:00:00,3.0,1.0,3,Community Engagement,Outreach,community_engagement,2025-09-04,,,,,,,,,,,,,
2025-06-06 00:00:00,08:00:00,16:00:00,No CAD Entry,Torch Run,,"Antista, Michael","Zisa, Gregory","Weber, Ryan",,,,,,,,0 days 08:00:00,3.0,8.0,3,Community Engagement,Outreach,community_engagement,2025-09-04,,,,,,,,,,,,,
2025-06-09 00:00:00,09:00:00,13:00:00,25-047433,R.I.S.E. Prom Celebration,Houghton Hall,"Revi, Arauki",,,,,,,,,,0 days 04:00:00,1.0,4.0,1,Community Engagement,Outreach,community_engagement,2025-09-04,,,,,,,,,,,,,
2025-06-10 00:00:00,13:30:00,17:00:00,No CAD Entry,Election Day,City Hall,"Revi, Arauki",,,,,,,,,,0 days 03:30:00,1.0,3.5,1,Community Engagement,Outreach,community_engagement,2025-09-04,,,,,,,,,,,,,
2025-06-11 00:00:00,12:00:00,14:00:00,25-048155,Hope One Van,AlDI,"Revi, Arauki",,,,,,,,,,0 days 02:00:00,1.0,2.0,1,Community Engagement,Outreach,community_engagement,2025-09-04,,,,,,,,,,,,,
2025-06-11 00:00:00,16:00:00,18:00:00,25-048,High School Prom Show Off,Mount Olive Church,"DelCarpio, Mark","James, Travoun","Garrett, Frankie","Revi, Arauki","McCall, Frank","O'Neill, Michael",,,,,0 days 02:00:00,6.0,2.0,6,Community Engagement,Outreach,community_engagement,2025-09-04,,,,,,,,,,,,,
2025-06-13 00:00:00,08:00:00,16:00:00,No CAD Entry,CHIEF FOR A DAY Event,,"Antista, Michael","Zisa, Gregory","Katsaroans, Felix","Revi, Arauki",,,,,,,0 days 08:00:00,4.0,8.0,4,Community Engagement,Outreach,community_engagement,2025-09-04,,,,,,,,,,,,,
2025-06-16 00:00:00,13:00:00,18:00:00,No CAD Entry,"Battle of the Badges ""Red Cross""",Civic Center,"Zisa, Gregory","Katsaroans, Felix",,,,,,,,,0 days 05:00:00,2.0,5.0,2,Community Engagement,Outreach,community_engagement,2025-09-04,,,,,,,,,,,,,
2025-06-21 00:00:00,11:00:00,14:00:00,25-051171,FC Royals Family Field Day ,Johnson Park,"Revi, Arauki",,,,,,,,,,0 days 03:00:00,1.0,3.0,1,Community Engagement,Outreach,community_engagement,2025-09-04,,,,,,,,,,,,,
2025-06-22 00:00:00,11:30:00,18:00:00,25-051513,Juneteenth Event,Carver Park,"Carroll, Demetrius","Morton, Travara","Revi, Arauki","Conlon, Ryan","Francavilla, Daniel","Salas, Roselys","Antista, Michael","Weber, Ryan",,,0 days 06:30:00,8.0,6.5,8,Community Engagement,Outreach,community_engagement,2025-09-04,,,,,,,,,,,,,
2025-06-24 00:00:00,10:45:00,16:00:00,25-052123,Gun Violence Event,HUMC,"Marble, Dane","Revi, Arauki",,,,,,,,,0 days 05:15:00,2.0,5.25,2,Community Engagement,Outreach,community_engagement,2025-09-04,,,,,,,,,,,,,
2025-06-28 00:00:00,09:00:00,13:00:00,No CAD Entry,Hackensack Town Wide Shred Evevnt,Johnson Park,,,,,,,,,,,0 days 04:00:00,,4.0,1,Community Engagement,Outreach,community_engagement,2025-09-04,,,,,,,,,,,,,
2025-07-04 00:00:00,16:00:00,23:59:00,,July 4th Fireworks,Foschini Park,"Zisa, Gregory",,,,,,,,,,0 days 07:59:00,1.0,7.98,1,Community Engagement,Outreach,community_engagement,2025-09-04,,,,,,,,,,,,,
2025-07-07 00:00:00,18:00:00,20:00:00,,Sunset Yoga,Atlantic street Park,,,,,,,,,,,0 days 02:00:00,,2.0,1,Community Engagement,Outreach,community_engagement,2025-09-04,,,,,,,,,,,,,
2025-07-08 00:00:00,19:30:00,21:00:00,25-056923,"Summer Concert Series ""Eagle Mania""",Atlantic street Park,"Salas, Roselys",,,,,,,,,,0 days 01:30:00,1.0,1.5,1,Community Engagement,Outreach,community_engagement,2025-09-04,,,,,,,,,,,,,
2025-07-09 00:00:00,19:30:00,21:00:00,,Shakespeare in the Park,Atlantic street Park,,,,,,,,,,,0 days 01:30:00,,1.5,1,Community Engagement,Outreach,community_engagement,2025-09-04,,,,,,,,,,,,,
2025-07-10 00:00:00,16:00:00,18:00:00,25-057537,(Rejuvenate Grand opening),193 1/2 Main street,"Revi, Arauki",,,,,,,,,,0 days 02:00:00,1.0,2.0,1,Community Engagement,Outreach,community_engagement,2025-09-04,,,,,,,,,,,,,
2025-07-11 00:00:00,19:00:00,21:00:00,Special 1officer,Sounds of Summer concert Series,Atlantic street Park,,,,,,,,,,,0 days 02:00:00,,2.0,1,Community Engagement,Outreach,community_engagement,2025-09-04,,,,,,,,,,,,,
2025-07-15 00:00:00,19:00:00,21:00:00,25-059114,"Summer Concert Series ""Super Trans""",At The Green,"Salas, Roselys",,,,,,,,,,0 days 02:00:00,1.0,2.0,1,Community Engagement,Outreach,community_engagement,2025-09-04,,,,,,,,,,,,,
2025-07-16 00:00:00,11:00:00,13:00:00,25-059365,Hope One Van,AlDI,"Revi, Arauki",,,,,,,,,,0 days 02:00:00,1.0,2.0,1,Community Engagement,Outreach,community_engagement,2025-09-04,,,,,,,,,,,,,
2025-07-18 00:00:00,19:00:00,21:00:00,Special 1officer,Sounds of Summer concert Series,At The Green,,,,,,,,,,,0 days 02:00:00,,2.0,1,Community Engagement,Outreach,community_engagement,2025-09-04,,,,,,,,,,,,,
2025-07-22 00:00:00,19:30:00,21:00:00,Special 1officer,"Summer Concert Series ""The Nerds""",Atlantic street Park,,,,,,,,,,,0 days 01:30:00,,1.5,1,Community Engagement,Outreach,community_engagement,2025-09-04,,,,,,,,,,,,,
2025-07-22 00:00:00,18:00:00,21:00:00,25-061510,Youth Night ,M&M Center,"Revi, Arauki","DiPersia, Anthony","Zisa, Gregory",,,,,,,,0 days 03:00:00,3.0,3.0,3,Community Engagement,Outreach,community_engagement,2025-09-04,,,,,,,,,,,,,
2025-07-23 00:00:00,19:30:00,21:00:00,,Shakespeare in the Park,Atlantic street Park,,,,,,,,,,,0 days 01:30:00,,1.5,1,Community Engagement,Outreach,community_engagement,2025-09-04,,,,,,,,,,,,,
2025-07-25 00:00:00,19:00:00,21:00:00,Special 1officer,Sounds of Summer concert Series,At The Green,,,,,,,,,,,0 days 02:00:00,,2.0,1,Community Engagement,Outreach,community_engagement,2025-09-04,,,,,,,,,,,,,
2025-07-29 00:00:00,19:30:00,21:00:00,Special 1officer,"Summer Concert Series ""After Shock""",Hac Pac Due to weather,,,,,,,,,,,0 days 01:30:00,,1.5,1,Community Engagement,Outreach,community_engagement,2025-09-04,,,,,,,,,,,,,
2025-08-01 00:00:00,19:00:00,21:00:00,,Sounds of Summer concert Series,At The Green,,,,,,,,,,,0 days 02:00:00,,2.0,1,Community Engagement,Outreach,community_engagement,2025-09-04,,,,,,,,,,,,,
2025-08-05 00:00:00,18:00:00,22:00:00,25-066558,National Night Out,Atlantic street Park,"Revi, Arauki","Zisa, Gregory","DiPersia, Anthony",,,,,,,,0 days 04:00:00,3.0,4.0,3,Community Engagement,Outreach,community_engagement,2025-09-04,,,,,,,,,,,,,
2025-08-05 00:00:00,19:30:00,21:00:00,25-066558,"Summer Concert Series ""Steppin Out""""",Atlantic street Park,"Garrett, Frankie","Gallorini, Gaetano","McCall, Frank",,,,,,,,0 days 01:30:00,3.0,1.5,3,Community Engagement,Outreach,community_engagement,2025-09-04,,,,,,,,,,,,,
2025-08-06 00:00:00,19:30:00,21:00:00,Special 1officer,"The Comedy Of Errors ""Shakespeare",Atlantic street Park,,,,,,,,,,,0 days 01:30:00,,1.5,1,Community Engagement,Outreach,community_engagement,2025-09-04,,,,,,,,,,,,,
2025-08-07 00:00:00,20:30:00,22:00:00,Special 1officer,"Movies under the stars ""Lilo & Stich""",Atlantic street Park,,,,,,,,,,,0 days 01:30:00,,1.5,1,Community Engagement,Outreach,community_engagement,2025-09-04,,,,,,,,,,,,,
2025-08-08 00:00:00,19:00:00,21:00:00,Special 1officer,Sounds of Summer concert Series,Atlantic street Park,,,,,,,,,,,0 days 02:00:00,,2.0,1,Community Engagement,Outreach,community_engagement,2025-09-04,,,,,,,,,,,,,
2025-08-12 00:00:00,19:30:00,21:00:00,Special 1officer,"Summer Concert Series ""Rebolu""",Atlantic street Park,,,,,,,,,,,0 days 01:30:00,,1.5,1,Community Engagement,Outreach,community_engagement,2025-09-04,,,,,,,,,,,,,
2025-08-13 00:00:00,19:30:00,21:00:00,,"The Comedy Of Errors ""Shakespeare",Atlantic street Park,,,,,,,,,,,0 days 01:30:00,,1.5,1,Community Engagement,Outreach,community_engagement,2025-09-04,,,,,,,,,,,,,
2025-08-14 00:00:00,20:30:00,22:00:00,25-069684,Youth Night,116 Holt St,"Lopez, Paula","DiPersia, Anthony",,,,,,,,,0 days 01:30:00,2.0,1.5,2,Community Engagement,Outreach,community_engagement,2025-09-04,,,,,,,,,,,,,
2025-08-15 00:00:00,19:00:00,21:00:00,Special 1officer,Sounds of Summer concert Series,Atlantic street Park,,,,,,,,,,,0 days 02:00:00,,2.0,1,Community Engagement,Outreach,community_engagement,2025-09-04,,,,,,,,,,,,,
2025-08-19 00:00:00,19:30:00,21:00:00,Special 1officer,"Summer Concert Series ""Stone Flower""",Atlantic street Park,,,,,,,,,,,0 days 01:30:00,,1.5,1,Community Engagement,Outreach,community_engagement,2025-09-04,,,,,,,,,,,,,
2025-08-21 00:00:00,20:30:00,22:00:00,Special 1officer,"Movies under the stars ""Iron Giant""",Atlantic street Park,,,,,,,,,,,0 days 01:30:00,,1.5,1,Community Engagement,Outreach,community_engagement,2025-09-04,,,,,,,,,,,,,
2025-08-22 00:00:00,09:00:00,13:00:00,25-072178,Family Day,375 Huyler st,"Revi, Arauki","Katsaroans, Felix","Lara-Nunez, Gunther","Lara-Nunez, Cristobal","Garrett, Frankie",,,,,,0 days 04:00:00,5.0,4.0,5,Community Engagement,Outreach,community_engagement,2025-09-04,,,,,,,,,,,,,
2025-08-25 00:00:00,07:30:00,15:30:00,,Youth Academy,Jackson ave school,"DiPersia, Anthony","Revi, Arauki","Katsaroans, Felix","Lara-Nunez, Cristobal","Garrett, Frankie",,,,,,0 days 08:00:00,5.0,8.0,5,Community Engagement,Outreach,community_engagement,2025-09-04,,,,,,,,,,,,,
2025-08-26 00:00:00,07:30:00,15:30:00,,Youth Academy,Jackson ave school,"DiPersia, Anthony","Revi, Arauki","Katsaroans, Felix","Lara-Nunez, Cristobal","Garrett, Frankie",,,,,,0 days 08:00:00,5.0,8.0,5,Community Engagement,Outreach,community_engagement,2025-09-04,,,,,,,,,,,,,
2025-08-27 00:00:00,07:30:00,15:30:00,,Youth Academy,Jackson ave school,"DiPersia, Anthony","Revi, Arauki","Katsaroans, Felix","Lara-Nunez, Cristobal","Garrett, Frankie",,,,,,0 days 08:00:00,5.0,8.0,5,Community Engagement,Outreach,community_engagement,2025-09-04,,,,,,,,,,,,,
2025-08-28 00:00:00,07:30:00,15:30:00,,Youth Academy,Jackson ave school,"DiPersia, Anthony","Revi, Arauki","Katsaroans, Felix","Lara-Nunez, Cristobal","Garrett, Frankie",,,,,,0 days 08:00:00,5.0,8.0,5,Community Engagement,Outreach,community_engagement,2025-09-04,,,,,,,,,,,,,
2025-08-28 00:00:00,20:30:00,22:00:00,Special 1officer,"Movies under the stars ""Wicked""",Atlantic street Park,,,,,,,,,,,0 days 01:30:00,,1.5,1,Community Engagement,Outreach,community_engagement,2025-09-04,,,,,,,,,,,,,
2025-08-29 00:00:00,07:30:00,15:30:00,,Youth Academy,Jackson ave school,"DiPersia, Anthony","Revi, Arauki","Katsaroans, Felix","Lara-Nunez, Cristobal","Garrett, Frankie",,,,,,0 days 08:00:00,5.0,8.0,5,Community Engagement,Outreach,community_engagement,2025-09-04,,,,,,,,,,,,,
2025-08-30 00:00:00,11:00:00,13:00:00,Special 1officer,Holy Trinity Procession,,,,,,,,,,,,0 days 02:00:00,,2.0,1,Community Engagement,Outreach,community_engagement,2025-09-04,,,,,,,,,,,,,
2025-09-03 00:00:00,11:00:00,13:00:00,,Hope One Van,Aldi,"Revi, Arauki",,,,,,,,,,0 days 02:00:00,1.0,2.0,1,Community Engagement,Outreach,community_engagement,2025-09-04,,,,,,,,,,,,,
2024-01-09 00:00:00,,,,CJ Club,,,,,,,,,,,,,,,1,STA&CP,STACP,stacp,2025-09-04,202401-001,,,,Det. C. Lara-Nunez,,,,,,,,
2024-02-07 00:00:00,,,,LEAD,Hackensack Middle School,,,,,,,,,,,,,,1,STA&CP,STACP,stacp,2025-09-04,202402-001,,,,Sgt. L. Dominguez,,,,,,,,
2024-02-08 00:00:00,,,,African American Read-In,Fairmount School,,,,,,,,,,,,,,1,STA&CP,STACP,stacp,2025-09-04,202402-002,,,,Sgt. L. Dominguez,,,,,,,,
2024-02-08 00:00:00,,,,LEAD,Hackensack Middle School,,,,,,,,,,,,,,1,STA&CP,STACP,stacp,2025-09-04,202402-003,,,,Sgt. L. Dominguez,,,,,,,,
2024-02-12 00:00:00,,,,LEAD,Hackensack Middle School,,,,,,,,,,,,,,1,STA&CP,STACP,stacp,2025-09-04,202402-004,,,,Sgt. L. Dominguez,,,,,,,,
2024-02-12 00:00:00,,,,LEAD,Hackensack Middle School,,,,,,,,,,,,,,1,STA&CP,STACP,stacp,2025-09-04,202402-005,,,,Det. F. Katsaroans,,,,,,,,
2024-02-12 00:00:00,,,,African American Read-In,Fairmount School,,,,,,,,,,,,,,1,STA&CP,STACP,stacp,2025-09-04,202402-006,,,,Det. F. Katsaroans,,,,,,,,
2024-02-14 00:00:00,,,,LEAD,Hackensack Middle School,,,,,,,,,,,,,,1,STA&CP,STACP,stacp,2025-09-04,202402-007,,,,Det. F. Katsaroans,,,,,,,,
2024-02-14 00:00:00,,,,African American Read-In,Fairmount School,,,,,,,,,,,,,,1,STA&CP,STACP,stacp,2025-09-04,202402-008,,,,Det. F. Katsaroans,,,,,,,,
2024-02-15 00:00:00,,,,LEAD,Hackensack Middle School,,,,,,,,,,,,,,1,STA&CP,STACP,stacp,2025-09-04,202402-009,,,,Det. F. Katsaroans,,,,,,,,
2024-02-15 00:00:00,,,,African American Read-In,Fairmount School,,,,,,,,,,,,,,1,STA&CP,STACP,stacp,2025-09-04,202402-010,,,,Det. F. Katsaroans,,,,,,,,
2024-02-16 00:00:00,,,,African American Read-In,Fairmount School,,,,,,,,,,,,,,1,STA&CP,STACP,stacp,2025-09-04,202402-011,,,,Det. F. Katsaroans,,,,,,,,
2024-02-20 00:00:00,,,,Stop the OD,Johnson Library,,,,,,,,,,,,,,1,STA&CP,STACP,stacp,2025-09-04,202402-012,,,,Det. F. Katsaroans,,,,,,,,
2024-02-21 00:00:00,,,,LEAD,Hackensack Middle School,,,,,,,,,,,,,,1,STA&CP,STACP,stacp,2025-09-04,202402-013,,,,Det. F. Katsaroans,,,,,,,,
2024-02-26 00:00:00,,,,LEAD,Hackensack Middle School,,,,,,,,,,,,,,1,STA&CP,STACP,stacp,2025-09-04,202402-014,,,,Sgt. L. Dominguez,,,,,,,,
2024-02-28 00:00:00,,,,LEAD,Hackensack Middle School,,,,,,,,,,,,,,1,STA&CP,STACP,stacp,2025-09-04,202402-015,,,,Sgt. L. Dominguez,,,,,,,,
2024-02-29 00:00:00,,,,LEAD,Hackensack Middle School,,,,,,,,,,,,,,1,STA&CP,STACP,stacp,2025-09-04,202402-016,,,,Sgt. L. Dominguez,,,,,,,,
2024-03-06 00:00:00,,,,LEAD,Hackensack Middle School,,,,,,,,,,,,,,1,STA&CP,STACP,stacp,2025-09-04,202403-001,,,,Sgt. L. Dominguez,,,,,,,,
2024-03-06 00:00:00,,,,LEAD,Hackensack Middle School,,,,,,,,,,,,,,1,STA&CP,STACP,stacp,2025-09-04,202403-002,,,,Sgt. L. Dominguez,,,,,,,,
2024-03-07 00:00:00,,,,LEAD,Hackensack Middle School,,,,,,,,,,,,,,1,STA&CP,STACP,stacp,2025-09-04,202403-003,,,,Det. F. Katsaroans,,,,,,,,
2024-03-07 00:00:00,,,,LEAD,Hackensack Middle School,,,,,,,,,,,,,,1,STA&CP,STACP,stacp,2025-09-04,202403-004,,,,Det. F. Katsaroans,,,,,,,,
2024-03-11 00:00:00,,,,LEAD,Hackensack Middle School,,,,,,,,,,,,,,1,STA&CP,STACP,stacp,2025-09-04,202403-005,,,,Det. F. Katsaroans,,,,,,,,
2024-03-11 00:00:00,,,,LEAD,Hackensack Middle School,,,,,,,,,,,,,,1,STA&CP,STACP,stacp,2025-09-04,202403-006,,,,Sgt. L. Dominguez,,,,,,,,
2024-03-13 00:00:00,,,,LEAD,Hackensack Middle School,,,,,,,,,,,,,,1,STA&CP,STACP,stacp,2025-09-04,202403-007,,,,Sgt. L. Dominguez,,,,,,,,
2024-03-14 00:00:00,,,,LEAD,Hackensack Middle School,,,,,,,,,,,,,,1,STA&CP,STACP,stacp,2025-09-04,202403-008,,,,Sgt. L. Dominguez,,,,,,,,
2024-03-14 00:00:00,,,,LEAD,Hackensack Middle School,,,,,,,,,,,,,,1,STA&CP,STACP,stacp,2025-09-04,202403-009,,,,Det. F. Katsaroans,,,,,,,,
2024-03-18 00:00:00,,,,Read Across America,Fairmount School,,,,,,,,,,,,,,1,STA&CP,STACP,stacp,2025-09-04,202403-010,,,,Det. F. Katsaroans,,,,,,,,
2024-03-18 00:00:00,,,,LEAD,Hackensack Middle School,,,,,,,,,,,,,,1,STA&CP,STACP,stacp,2025-09-04,202403-011,,,,Sgt. L. Dominguez,,,,,,,,
2024-03-19 00:00:00,,,,Stop the OD,Johnson Library,,,,,,,,,,,,,,1,STA&CP,STACP,stacp,2025-09-04,202403-012,,,,Det. F. Katsaroans,,,,,,,,
2024-03-19 00:00:00,,,,Read Across America,Fairmount School,,,,,,,,,,,,,,1,STA&CP,STACP,stacp,2025-09-04,202403-013,,,,Det. F. Katsaroans,,,,,,,,
2024-03-19 00:00:00,,,,Read Across America,Fairmount School,,,,,,,,,,,,,,1,STA&CP,STACP,stacp,2025-09-04,202403-014,,,,Sgt. L. Dominguez,,,,,,,,
2024-03-20 00:00:00,,,,LEAD,Hackensack Middle School,,,,,,,,,,,,,,1,STA&CP,STACP,stacp,2025-09-04,202403-015,,,,Sgt. L. Dominguez,,,,,,,,
2024-04-01 00:00:00,,,,LEAD,Hackensack Middle School,,,,,,,,,,,,,,1,STA&CP,STACP,stacp,2025-09-04,202404-001,,,,Det. F. Katsaroans,,,,,,,,
2024-04-01 00:00:00,,,,LEAD,Hackensack Middle School,,,,,,,,,,,,,,1,STA&CP,STACP,stacp,2025-09-04,202404-002,,,,Sgt. L. Dominguez,,,,,,,,
2024-04-03 00:00:00,,,,LEAD,Hackensack Middle School,,,,,,,,,,,,,,1,STA&CP,STACP,stacp,2025-09-04,202404-003,,,,Sgt. L. Dominguez,,,,,,,,
2024-04-09 00:00:00,,,,School Safety,Fairmount School,,,,,,,,,,,,,,1,STA&CP,STACP,stacp,2025-09-04,202404-004,,,,Det. F. Katsaroans,,,,,,,,
2024-04-15 00:00:00,,,, Teen Driving Presentation,MLK Senior Center (First Street),,,,,,,,,,,,,,1,STA&CP,STACP,stacp,2025-09-04,202404-005,,,,Det. F. Katsaroans,,,,,,,,
2024-04-15 00:00:00,,,,LEAD,Hackensack Middle School,,,,,,,,,,,,,,1,STA&CP,STACP,stacp,2025-09-04,202404-006,,,,Det. F. Katsaroans,,,,,,,,
2024-04-17 00:00:00,,,,LEAD,Hackensack Middle School,,,,,,,,,,,,,,1,STA&CP,STACP,stacp,2025-09-04,202404-007,,,,Det. F. Katsaroans,,,,,,,,
2024-04-22 00:00:00,,,,LEAD,Hackensack Middle School,,,,,,,,,,,,,,1,STA&CP,STACP,stacp,2025-09-04,202404-008,,,,Det. F. Katsaroans,,,,,,,,
2024-04-24 00:00:00,,,,Career Fair,BC Arts and Science Charter School (43 Maple),,,,,,,,,,,,,,1,STA&CP,STACP,stacp,2025-09-04,202404-009,,,,Sgt. L. Dominguez,,,,,,,,
2024-04-25 00:00:00,,,,Bring you child to work day,HQ,,,,,,,,,,,,,,1,STA&CP,STACP,stacp,2025-09-04,202404-010,,,,Sgt. L. Dominguez,,,,,,,,
2024-05-17 00:00:00,,,,Wellness Walk,Hillers School,,,,,,,,,,,,,,1,STA&CP,STACP,stacp,2025-09-04,202405-001,,,,Sgt. L. Dominguez,,,,,,,,
2024-05-17 00:00:00,,,,Wellness Walk,Hillers School,,,,,,,,,,,,,,1,STA&CP,STACP,stacp,2025-09-04,202405-002,,,,Det. F. Katsaroans,,,,,,,,
2024-05-19 00:00:00,,,,Wellness Fair,Hackensack High School,,,,,,,,,,,,,,1,STA&CP,STACP,stacp,2025-09-04,202405-003,,,,Sgt. L. Dominguez,,,,,,,,
2024-06-01 00:00:00,,,,Boost the Block Event,Hackensack High School,,,,,,,,,,,,,,1,STA&CP,STACP,stacp,2025-09-04,202406-001,,,,Sgt. L. Dominguez,,,,,,,,
2024-06-04 00:00:00,,,,RISE Program Baseball field trip,Hackensack High School,,,,,,,,,,,,,,1,STA&CP,STACP,stacp,2025-09-04,202406-002,,,,Sgt. L. Dominguez,,,,,,,,
2024-06-04 00:00:00,,,,RISE Program Baseball field trip,Hackensack High School,,,,,,,,,,,,,,1,STA&CP,STACP,stacp,2025-09-04,202406-003,,,,Det. F. Katsaroans,,,,,,,,
2024-06-12 00:00:00,,,,Prom Show-Off,Second and Central Avenue,,,,,,,,,,,,,,1,STA&CP,STACP,stacp,2025-09-04,202406-004,,,,Det. F. Katsaroans,,,,,,,,
2024-06-12 00:00:00,,,,Prom Show-Off,Second and Central Avenue,,,,,,,,,,,,,,1,STA&CP,STACP,stacp,2025-09-04,202406-005,,,,Det. T. James,,,,,,,,
2024-06-12 00:00:00,,,,Prom Show-Off,Second and Central Avenue,,,,,,,,,,,,,,1,STA&CP,STACP,stacp,2025-09-04,202406-006,,,,Sgt. L. Dominguez,,,,,,,,
2024-06-13 00:00:00,,,,Chief for a day,HQ,,,,,,,,,,,,,,1,STA&CP,STACP,stacp,2025-09-04,202406-007,,,,Sgt. L. Dominguez,,,,,,,,
2024-06-13 00:00:00,,,,Chief for a day,HQ,,,,,,,,,,,,,,1,STA&CP,STACP,stacp,2025-09-04,202406-008,,,,Det. F. Katsaroans,,,,,,,,
2024-06-17 00:00:00,,,,Us vs. Them Basketball game,Hackensack Middle School,,,,,,,,,,,,,,1,STA&CP,STACP,stacp,2025-09-04,202406-009,,,,Sgt. L. Dominguez,,,,,,,,
2024-06-17 00:00:00,,,,Us vs. Them Basketball game,Hackensack Middle School,,,,,,,,,,,,,,1,STA&CP,STACP,stacp,2025-09-04,202406-010,,,,Det. T. James,,,,,,,,
2024-08-01 00:00:00,2024-08-01 19:00:00,2024-08-01 21:00:00,,Touch a Truck (Movies under the Stars),Atlantic Street Park,,,,,,,,,,,,,2.0,1,STA&CP,STACP,stacp,2025-09-04,202408-001,,,,Sgt. L. Dominguez,,,,,,,,
2024-08-01 00:00:00,2024-08-01 19:00:00,2024-08-01 21:00:00,,Touch a Truck (Movies under the Stars),Atlantic Street Park,,,,,,,,,,,,,2.0,1,STA&CP,STACP,stacp,2025-09-04,202408-002,,,,Det. F. Katsaroans,,,,,,,,
2024-08-13 00:00:00,16:30:00,21:30:00,,National Night Out,Atlantic Street Park,,,,,,,,,,,,,,1,STA&CP,STACP,stacp,2025-09-04,202408-003,5:00:00,,24-068728,Sgt. L. Dominguez,,,,,,,,
2024-08-13 00:00:00,16:30:00,21:30:00,,National Night Out,Atlantic Street Park,,,,,,,,,,,,,,1,STA&CP,STACP,stacp,2025-09-04,202408-004,5:00:00,,24-068728,Det. F. Katsaroans,,,,,,,,
2024-08-13 00:00:00,16:30:00,21:30:00,,National Night Out,Atlantic Street Park,,,,,,,,,,,,,,1,STA&CP,STACP,stacp,2025-09-04,202408-005,5:00:00,,24-068728,Det. T. James,,,,,,,,
2024-08-19 00:00:00,07:30:00,15:30:00,,Youth Academy,Jackson Ave School,,,,,,,,,,,,,,1,STA&CP,STACP,stacp,2025-09-04,202408-006,8:00:00,,,Sgt. L. Dominguez,,,,,,,,
2024-08-19 00:00:00,07:30:00,15:30:00,,Youth Academy,Jackson Ave School,,,,,,,,,,,,,,1,STA&CP,STACP,stacp,2025-09-04,202408-007,8:00:00,,,Det. T. James,,,,,,,,
2024-08-19 00:00:00,07:30:00,15:30:00,,Youth Academy,Jackson Ave School,,,,,,,,,,,,,,1,STA&CP,STACP,stacp,2025-09-04,202408-008,8:00:00,,,Det. F. Katsaroans,,,,,,,,
2024-08-19 00:00:00,07:30:00,15:30:00,,Youth Academy,Jackson Ave School,,,,,,,,,,,,,,1,STA&CP,STACP,stacp,2025-09-04,202408-009,8:00:00,,,Det. C. Lara-Nuñez,,,,,,,,
2024-08-20 00:00:00,07:30:00,15:30:00,,Youth Academy,Jackson Ave School,,,,,,,,,,,,,,1,STA&CP,STACP,stacp,2025-09-04,202408-010,8:00:00,,,Sgt. L. Dominguez,,,,,,,,
2024-08-20 00:00:00,07:30:00,15:30:00,,Youth Academy,Jackson Ave School,,,,,,,,,,,,,,1,STA&CP,STACP,stacp,2025-09-04,202408-011,8:00:00,,,Det. T. James,,,,,,,,
2024-08-20 00:00:00,07:30:00,15:30:00,,Youth Academy,Jackson Ave School,,,,,,,,,,,,,,1,STA&CP,STACP,stacp,2025-09-04,202408-012,8:00:00,,,Det. F. Katsaroans,,,,,,,,
2024-08-20 00:00:00,07:30:00,15:30:00,,Youth Academy,Jackson Ave School,,,,,,,,,,,,,,1,STA&CP,STACP,stacp,2025-09-04,202408-013,8:00:00,,,Det. C. Lara-Nuñez,,,,,,,,
2024-08-21 00:00:00,07:30:00,15:30:00,,Youth Academy,Jackson Ave School,,,,,,,,,,,,,,1,STA&CP,STACP,stacp,2025-09-04,202408-014,8:00:00,,,Sgt. L. Dominguez,,,,,,,,
2024-08-21 00:00:00,07:30:00,15:30:00,,Youth Academy,Jackson Ave School,,,,,,,,,,,,,,1,STA&CP,STACP,stacp,2025-09-04,202408-015,8:00:00,,,Det. T. James,,,,,,,,
2024-08-21 00:00:00,07:30:00,15:30:00,,Youth Academy,Jackson Ave School,,,,,,,,,,,,,,1,STA&CP,STACP,stacp,2025-09-04,202408-016,8:00:00,,,Det. F. Katsaroans,,,,,,,,
2024-08-21 00:00:00,07:30:00,15:30:00,,Youth Academy,Jackson Ave School,,,,,,,,,,,,,,1,STA&CP,STACP,stacp,2025-09-04,202408-017,8:00:00,,,Det. C. Lara-Nuñez,,,,,,,,
2024-08-22 00:00:00,07:30:00,15:30:00,,Youth Academy,Jackson Ave School,,,,,,,,,,,,,,1,STA&CP,STACP,stacp,2025-09-04,202408-018,8:00:00,,,Sgt. L. Dominguez,,,,,,,,
2024-08-22 00:00:00,07:30:00,15:30:00,,Youth Academy,Jackson Ave School,,,,,,,,,,,,,,1,STA&CP,STACP,stacp,2025-09-04,202408-019,8:00:00,,,Det. T. James,,,,,,,,
2024-08-22 00:00:00,07:30:00,15:30:00,,Youth Academy,Jackson Ave School,,,,,,,,,,,,,,1,STA&CP,STACP,stacp,2025-09-04,202408-020,8:00:00,,,Det. F. Katsaroans,,,,,,,,
2024-08-22 00:00:00,07:30:00,15:30:00,,Youth Academy,Jackson Ave School,,,,,,,,,,,,,,1,STA&CP,STACP,stacp,2025-09-04,202408-021,8:00:00,,,Det. C. Lara-Nuñez,,,,,,,,
2024-08-23 00:00:00,07:30:00,19:30:00,,Youth Academy,Jackson Ave School,,,,,,,,,,,,,,1,STA&CP,STACP,stacp,2025-09-04,202408-022,12:00:00,,,Sgt. L. Dominguez,,,,,,,,
2024-08-23 00:00:00,07:30:00,15:30:00,,Youth Academy,Jackson Ave School,,,,,,,,,,,,,,1,STA&CP,STACP,stacp,2025-09-04,202408-023,8:00:00,,,Det. T. James,,,,,,,,
2024-08-23 00:00:00,07:30:00,15:30:00,,Youth Academy,Jackson Ave School,,,,,,,,,,,,,,1,STA&CP,STACP,stacp,2025-09-04,202408-024,8:00:00,,,Det. F. Katsaroans,,,,,,,,
2024-08-23 00:00:00,07:30:00,19:30:00,,Youth Academy,Jackson Ave School,,,,,,,,,,,,,,1,STA&CP,STACP,stacp,2025-09-04,202408-025,12:00:00,,,Det. C. Lara-Nuñez,,,,,,,,
2024-08-27 00:00:00,14:30:00,17:00:00,,Mcdonald's Backpack giveaway,193 Essex Street,,,,,,,,,,,,,,1,STA&CP,STACP,stacp,2025-09-04,202408-026,2:30:00,,24-072978,Det. F. Katsaroans,,,,,,,,
2024-08-27 00:00:00,14:30:00,15:30:00,,Mcdonald's Backpack giveaway,193 Essex Street,,,,,,,,,,,,,,1,STA&CP,STACP,stacp,2025-09-04,202408-027,1:00:00,,24-072978,Det. C. Lara-Nuñez,,,,,,,,
2024-08-28 00:00:00,09:00:00,11:00:00,,Hillers Backpack giveaway,Hillers School,,,,,,,,,,,,,,1,STA&CP,STACP,stacp,2025-09-04,202408-028,2:00:00,,,Det. F. Katsaroans,,,,,,,,
2024-08-28 00:00:00,09:00:00,11:00:00,,Hillers Backpack giveaway,Hillers School,,,,,,,,,,,,,,1,STA&CP,STACP,stacp,2025-09-04,202408-029,2:00:00,,,Det. C. Lara-Nuñez,,,,,,,,
2024-08-29 00:00:00,09:00:00,10:30:00,,Overdose candle lighting,HQ,,,,,,,,,,,,,,1,STA&CP,STACP,stacp,2025-09-04,202408-030,1:30:00,,24-073490,Det. F. Katsaroans,,,,,,,,
2024-08-29 00:00:00,09:00:00,10:30:00,,Overdose candle lighting,HQ,,,,,,,,,,,,,,1,STA&CP,STACP,stacp,2025-09-04,202408-031,1:30:00,,24-073490,Det. C. Lara-Nuñez,,,,,,,,
2024-08-30 00:00:00,11:00:00,13:00:00,,Overdose Outreach,274 Main Street,,,,,,,,,,,,,,1,STA&CP,STACP,stacp,2025-09-04,202408-032,2:00:00,,24-073842,Det. C. Lara-Nuñez,,,,,,,,
2024-09-11 00:00:00,10:40:00,13:00:00,,HHS Club Fair,Hackensack High School,,,,,,,,,,,,,,1,STA&CP,STACP,stacp,2025-09-04,202409-001,2:20:00,,24-077386,Sgt. L. Dominguez,,,,,,,,
2024-09-15 00:00:00,10:00:00,14:00:00,,Grace Place Church Event,156 Passaic Street,,,,,,,,,,,,,,1,STA&CP,STACP,stacp,2025-09-04,202409-002,4:00:00,,24-078590,Det. F. Katsaroans,,,,,,,,
2024-09-23 00:00:00,10:00:00,11:00:00,,LEAD,Nellie K. Parker School,,,,,,,,,,,,,,1,STA&CP,STACP,stacp,2025-09-04,202409-003,1:00:00,,,Det. F. Katsaroans,,,,,,,,
2024-09-24 00:00:00,10:00:00,11:00:00,,LEAD,Hillers School,,,,,,,,,,,,,,1,STA&CP,STACP,stacp,2025-09-04,202409-004,1:00:00,,,Sgt. L. Dominguez,,,,,,,,
2024-09-24 00:00:00,10:00:00,11:00:00,,LEAD,Nellie K. Parker School,,,,,,,,,,,,,,1,STA&CP,STACP,stacp,2025-09-04,202409-005,1:00:00,,,Det. F. Katsaroans,,,,,,,,
2024-09-25 00:00:00,10:00:00,11:00:00,,LEAD,Fairmount School,,,,,,,,,,,,,,1,STA&CP,STACP,stacp,2025-09-04,202409-006,1:00:00,,,Det. F. Katsaroans,,,,,,,,
2024-09-26 00:00:00,10:00:00,11:00:00,,LEAD,Hillers School,,,,,,,,,,,,,,1,STA&CP,STACP,stacp,2025-09-04,202409-007,1:00:00,,,Sgt. L. Dominguez,,,,,,,,
2024-09-26 00:00:00,10:00:00,11:00:00,,LEAD,Fairmount School,,,,,,,,,,,,,,1,STA&CP,STACP,stacp,2025-09-04,202409-008,1:00:00,,,Det. F. Katsaroans,,,,,,,,
2024-09-30 00:00:00,10:00:00,11:00:00,,LEAD,Nellie K. Parker School,,,,,,,,,,,,,,1,STA&CP,STACP,stacp,2025-09-04,202409-009,1:00:00,,,Det. F. Katsaroans,,,,,,,,
2024-10-01 00:00:00,,,,LEAD,Hillers School,,,,,,,,,,,,,,1,STA&CP,STACP,stacp,2025-09-04,202410-001,0:00:00,,,Sgt. L. Dominguez,,,,,,,,
2024-10-01 00:00:00,,,,LEAD,Nellie K. Parker School,,,,,,,,,,,,,,1,STA&CP,STACP,stacp,2025-09-04,202410-002,0:00:00,,,Det. F. Katsaroans,,,,,,,,
2024-10-01 00:00:00,,,,Fairmount School Reading,Fairmount School,,,,,,,,,,,,,,1,STA&CP,STACP,stacp,2025-09-04,202410-003,0:00:00,,,Det. F. Katsaroans,,,,,,,,
2024-10-02 00:00:00,,,,Coffee with a Cop,Mcdonald's 343 River Street,,,,,,,,,,,,,,1,STA&CP,STACP,stacp,2025-09-04,202410-004,,,,Det. F. Katsaroans,,,,,,,,
2024-10-02 00:00:00,,,,LEAD,Fairmount School,,,,,,,,,,,,,,1,STA&CP,STACP,stacp,2025-09-04,202410-005,0:00:00,,,Det. F. Katsaroans,,,,,,,,
2024-10-03 00:00:00,,,,LEAD,Hillers School,,,,,,,,,,,,,,1,STA&CP,STACP,stacp,2025-09-04,202410-006,0:00:00,,,Sgt. L. Dominguez,,,,,,,,
2024-10-03 00:00:00,,,,LEAD,Fairmount School,,,,,,,,,,,,,,1,STA&CP,STACP,stacp,2025-09-04,202410-007,0:00:00,,,Det. F. Katsaroans,,,,,,,,
2024-10-07 00:00:00,,,,LEAD,Nellie K. Parker School,,,,,,,,,,,,,,1,STA&CP,STACP,stacp,2025-09-04,202410-008,0:00:00,4.0,,Det. F. Katsaroans,,,,,,,,
2024-10-08 00:00:00,,,,LEAD,Nellie K. Parker School,,,,,,,,,,,,,,1,STA&CP,STACP,stacp,2025-09-04,202410-009,0:00:00,2.0,,Det. F. Katsaroans,,,,,,,,
2024-10-09 00:00:00,,,,LEAD,Fairmount School,,,,,,,,,,,,,,1,STA&CP,STACP,stacp,2025-09-04,202410-010,0:00:00,4.0,,Det. F. Katsaroans,,,,,,,,
2024-10-10 00:00:00,,,,LEAD,Fairmount School,,,,,,,,,,,,,,1,STA&CP,STACP,stacp,2025-09-04,202410-011,0:00:00,1.0,,Det. F. Katsaroans,,,,,,,,
2024-10-10 00:00:00,,,,LEAD,Hillers School,,,,,,,,,,,,,,1,STA&CP,STACP,stacp,2025-09-04,202410-012,0:00:00,2.0,,Sgt. L. Dominguez,,,,,,,,
2024-10-15 00:00:00,,,,LEAD,Hillers School,,,,,,,,,,,,,,1,STA&CP,STACP,stacp,2025-09-04,202410-013,0:00:00,2.0,,Sgt. L. Dominguez,,,,,,,,
2024-10-15 00:00:00,,,,LEAD,Nellie K. Parker School,,,,,,,,,,,,,,1,STA&CP,STACP,stacp,2025-09-04,202410-014,0:00:00,2.0,,Det. F. Katsaroans,,,,,,,,
2024-10-16 00:00:00,,,,LEAD,Jackson Avenue School,,,,,,,,,,,,,,1,STA&CP,STACP,stacp,2025-09-04,202410-015,0:00:00,2.0,,Sgt. L. Dominguez,,,,,,,,
2024-10-16 00:00:00,,,,LEAD,Fairmount School,,,,,,,,,,,,,,1,STA&CP,STACP,stacp,2025-09-04,202410-016,0:00:00,2.0,,Det. F. Katsaroans,,,,,,,,
2024-10-17 00:00:00,,,,LEAD,Hillers School,,,,,,,,,,,,,,1,STA&CP,STACP,stacp,2025-09-04,202410-017,0:00:00,2.0,,Sgt. L. Dominguez,,,,,,,,
2024-10-17 00:00:00,,,,LEAD,Fairmount School,,,,,,,,,,,,,,1,STA&CP,STACP,stacp,2025-09-04,202410-018,0:00:00,1.0,,Det. F. Katsaroans,,,,,,,,
2024-10-18 00:00:00,,,,LEAD,Jackson Avenue School,,,,,,,,,,,,,,1,STA&CP,STACP,stacp,2025-09-04,202410-019,0:00:00,2.0,,Sgt. L. Dominguez,,,,,,,,
2024-10-18 00:00:00,,,,He Reads to Me,Nellie K. Parker School,,,,,,,,,,,,,,1,STA&CP,STACP,stacp,2025-09-04,202410-020,0:00:00,,,Sgt. L. Dominguez,,,,,,,,
2024-10-18 00:00:00,,,,Hispanic Heritage Month Reading,Fairmount School,,,,,,,,,,,,,,1,STA&CP,STACP,stacp,2025-09-04,202410-021,0:00:00,,,Sgt. L. Dominguez,,,,,,,,
2024-10-21 00:00:00,09:00:00,11:00:00,,Touch a Truck at Jackson Ave School,Jackson Avenue School,,,,,,,,,,,,,,1,STA&CP,STACP,stacp,2025-09-04,202410-022,2:00:00,,,Det. F. Katsaroans,,,,,,,,
2024-10-21 00:00:00,09:30:00,11:00:00,,Touch a Truck at Jackson Ave School,Jackson Avenue School,,,,,,,,,,,,,,1,STA&CP,STACP,stacp,2025-09-04,202410-023,1:30:00,,,Sgt. L. Dominguez,,,,,,,,
2024-10-21 00:00:00,,,,LEAD,Jackson Avenue School,,,,,,,,,,,,,,1,STA&CP,STACP,stacp,2025-09-04,202410-024,0:00:00,4.0,,Sgt. L. Dominguez,,,,,,,,
2024-10-22 00:00:00,09:00:00,11:00:00,,Touch a Truck at NKP,Nellie K. Parker School,,,,,,,,,,,,,,1,STA&CP,STACP,stacp,2025-09-04,202410-025,2:00:00,,,Det. F. Katsaroans,,,,,,,,
2024-10-23 00:00:00,13:00:00,15:00:00,,Touch a Truck at Fairmount,Fairmount School,,,,,,,,,,,,,,1,STA&CP,STACP,stacp,2025-09-04,202410-026,2:00:00,,,Det. F. Katsaroans,,,,,,,,
2024-10-23 00:00:00,,,,LEAD,Jackson Avenue School,,,,,,,,,,,,,,1,STA&CP,STACP,stacp,2025-09-04,202410-027,,2.0,,Sgt. L. Dominguez,,,,,,,,
2024-10-24 00:00:00,09:00:00,11:00:00,,Touch a Truck at Hillers School,Hillers School,,,,,,,,,,,,,,1,STA&CP,STACP,stacp,2025-09-04,202410-028,2:00:00,,,Det. F. Katsaroans,,,,,,,,
2024-10-29 00:00:00,,,,LEAD,Hillers School,,,,,,,,,,,,,,1,STA&CP,STACP,stacp,2025-09-04,202410-029,0:00:00,2.0,,Sgt. L. Dominguez,,,,,,,,
2024-10-29 00:00:00,,,,LEAD,Nellie K. Parker School,,,,,,,,,,,,,,1,STA&CP,STACP,stacp,2025-09-04,202410-030,0:00:00,2.0,,Det. F. Katsaroans,,,,,,,,
2024-10-30 00:00:00,,,,LEAD,Jackson Avenue School,,,,,,,,,,,,,,1,STA&CP,STACP,stacp,2025-09-04,202410-031,0:00:00,2.0,,Sgt. L. Dominguez,,,,,,,,
2024-10-30 00:00:00,,,,LEAD,Fairmount School,,,,,,,,,,,,,,1,STA&CP,STACP,stacp,2025-09-04,202410-032,0:00:00,5.0,,Det. F. Katsaroans,,,,,,,,
2024-10-31 00:00:00,,,,LEAD,Hillers School,,,,,,,,,,,,,,1,STA&CP,STACP,stacp,2025-09-04,202410-033,0:00:00,2.0,,Sgt. L. Dominguez,,,,,,,,
2024-10-31 00:00:00,10:30:00,12:00:00,,Touch a Truck at ECDC,ECDC,,,,,,,,,,,,,,1,STA&CP,STACP,stacp,2025-09-04,202410-034,1:30:00,,,Det. F. Katsaroans,,,,,,,,
2024-10-31 00:00:00,09:30:00,10:00:00,,Halloween Parade,Nellie K. Parker School,,,,,,,,,,,,,,1,STA&CP,STACP,stacp,2025-09-04,202410-035,0:30:00,,,Det. F. Katsaroans,,,,,,,,
2024-10-31 00:00:00,13:30:00,14:00:00,,Halloween Parade,Jackson Avenue School,,,,,,,,,,,,,,1,STA&CP,STACP,stacp,2025-09-04,202410-036,0:30:00,,,Det. F. Katsaroans,,,,,,,,
2024-10-31 00:00:00,14:00:00,14:30:00,,Halloween Parade,ECDC,,,,,,,,,,,,,,1,STA&CP,STACP,stacp,2025-09-04,202410-037,0:30:00,,,Det. F. Katsaroans,,,,,,,,
2024-10-31 00:00:00,14:30:00,15:00:00,,Halloween Parade,Fairmount School,,,,,,,,,,,,,,1,STA&CP,STACP,stacp,2025-09-04,202410-038,0:30:00,,,Det. F. Katsaroans,,,,,,,,
2024-11-01 00:00:00,09:30:00,11:00:00,,LEAD,Nellie K. Parker School,,,,,,,,,,,,,,1,STA&CP,STACP,stacp,2025-09-04,202411-001,1:30:00,4.0,,Det. F. Katsaroans,,,,,,,,
2024-11-04 00:00:00,09:30:00,11:00:00,,LEAD,Jackson Avenue School,,,,,,,,,,,,,,1,STA&CP,STACP,stacp,2025-09-04,202411-002,1:30:00,2.0,,Sgt. L. Dominguez,,,,,,,,
2024-11-04 00:00:00,09:30:00,11:00:00,,LEAD,Nellie K. Parker School,,,,,,,,,,,,,,1,STA&CP,STACP,stacp,2025-09-04,202411-003,1:30:00,4.0,,Det. F. Katsaroans,,,,,,,,
2024-11-06 00:00:00,12:00:00,14:30:00,,Fairmount School Mini-Marathon,Fairmount School,,,,,,,,,,,,,,1,STA&CP,STACP,stacp,2025-09-04,202411-004,2:30:00,,24-094817,Det. F. Katsaroans,,,,,,,,
2024-11-06 00:00:00,12:00:00,14:30:00,,Fairmount School Mini-Marathon,Fairmount School,,,,,,,,,,,,,,1,STA&CP,STACP,stacp,2025-09-04,202411-005,2:30:00,,24-094817,Sgt. L. Dominguez,,,,,,,,
2024-11-12 00:00:00,09:30:00,11:00:00,,LEAD,Hillers School,,,,,,,,,,,,,,1,STA&CP,STACP,stacp,2025-09-04,202411-006,1:30:00,2.0,,Sgt. L. Dominguez,,,,,,,,
2024-11-12 00:00:00,09:30:00,11:00:00,,LEAD,Nellie K. Parker School,,,,,,,,,,,,,,1,STA&CP,STACP,stacp,2025-09-04,202411-007,1:30:00,2.0,,Det. F. Katsaroans,,,,,,,,
2024-11-13 00:00:00,09:30:00,11:00:00,,LEAD,Jackson Avenue School,,,,,,,,,,,,,,1,STA&CP,STACP,stacp,2025-09-04,202411-008,1:30:00,2.0,,Sgt. L. Dominguez,,,,,,,,
2024-11-13 00:00:00,09:30:00,11:00:00,,LEAD,Fairmount School,,,,,,,,,,,,,,1,STA&CP,STACP,stacp,2025-09-04,202411-009,1:30:00,5.0,,Det. F. Katsaroans,,,,,,,,
2024-11-14 00:00:00,09:30:00,11:00:00,,LEAD,Hillers School,,,,,,,,,,,,,,1,STA&CP,STACP,stacp,2025-09-04,202411-010,1:30:00,2.0,,Sgt. L. Dominguez,,,,,,,,
2024-11-18 00:00:00,09:30:00,11:00:00,,LEAD,Jackson Avenue School,,,,,,,,,,,,,,1,STA&CP,STACP,stacp,2025-09-04,202411-011,1:30:00,2.0,,Sgt. L. Dominguez,,,,,,,,
2024-11-25 00:00:00,09:30:00,11:00:00,,LEAD,Jackson Avenue School,,,,,,,,,,,,,,1,STA&CP,STACP,stacp,2025-09-04,202411-012,1:30:00,2.0,,Sgt. L. Dominguez,,,,,,,,
2024-11-25 00:00:00,09:30:00,14:30:00,,LEAD,Nellie K. Parker School,,,,,,,,,,,,,,1,STA&CP,STACP,stacp,2025-09-04,202411-013,5:00:00,4.0,,Det. F. Katsaroans,,,,,,,,
2024-11-26 00:00:00,09:30:00,11:00:00,,LEAD,Nellie K. Parker School,,,,,,,,,,,,,,1,STA&CP,STACP,stacp,2025-09-04,202411-014,1:30:00,2.0,,Det. F. Katsaroans,,,,,,,,
2024-12-04 00:00:00,09:30:00,14:30:00,,LEAD,Fairmount School,,,,,,,,,,,,,,1,STA&CP,STACP,stacp,2025-09-04,202412-001,5:00:00,4.0,,Det. F. Katsaroans,,,,,,,,
2024-12-16 00:00:00,09:30:00,14:00:00,,HHS Rise Program,Hackensack High School,,,,,,,,,,,,,,1,STA&CP,STACP,stacp,2025-09-04,202412-002,4:30:00,,,Det. F. Katsaroans,,,,,,,,
2024-12-17 00:00:00,10:00:00,11:00:00,,LEAD,Hillers School,,,,,,,,,,,,,,1,STA&CP,STACP,stacp,2025-09-04,202412-003,1:00:00,2.0,,Det. F. Katsaroans,,,,,,,,
2024-12-18 00:00:00,10:00:00,11:00:00,,LEAD,Hillers School,,,,,,,,,,,,,,1,STA&CP,STACP,stacp,2025-09-04,202412-004,1:00:00,2.0,,Det. F. Katsaroans,,,,,,,,
2025-01-02 00:00:00,,,,LEAD,Hillers School,,,,,,,,,,,,,,2,STA&CP,STACP,stacp,2025-09-04,202501-001,0:00:00,2.0,,"Sgt. L. Dominguez, Det. F. Garrett",,,,,,,,
2025-01-06 00:00:00,,,,LEAD,Jackson Avenue School,,,,,,,,,,,,,,1,STA&CP,STACP,stacp,2025-09-04,202501-002,0:00:00,2.0,,Sgt. L. Dominguez,,,,,,,,
2025-01-07 00:00:00,,,,LEAD,Hillers School,,,,,,,,,,,,,,1,STA&CP,STACP,stacp,2025-09-04,202501-003,0:00:00,1.0,,Sgt. L. Dominguez,,,,,,,,
2025-01-08 00:00:00,,,,LEAD,Jackson Avenue School,,,,,,,,,,,,,,1,STA&CP,STACP,stacp,2025-09-04,202501-004,0:00:00,2.0,,Sgt. L. Dominguez,,,,,,,,
2025-01-09 00:00:00,,,,LEAD,Hillers School,,,,,,,,,,,,,,1,STA&CP,STACP,stacp,2025-09-04,202501-005,0:00:00,1.0,,Sgt. L. Dominguez,,,,,,,,
2025-01-22 00:00:00,,,,LEAD,Hackensack Middle School,,,,,,,,,,,,,,1,STA&CP,STACP,stacp,2025-09-04,202501-006,,1.0,,Sgt. L. Dominguez,,,,,,,,
2025-01-22 00:00:00,,,,LEAD,Hackensack Middle School,,,,,,,,,,,,,,1,STA&CP,STACP,stacp,2025-09-04,202501-007,0:00:00,1.0,,Det. F. Katsaroans,,,,,,,,
2025-01-23 00:00:00,,,,LEAD,Hackensack Middle School,,,,,,,,,,,,,,1,STA&CP,STACP,stacp,2025-09-04,202501-008,,1.0,,Sgt. L. Dominguez,,,,,,,,
2025-01-23 00:00:00,,,,LEAD,Hackensack Middle School,,,,,,,,,,,,,,1,STA&CP,STACP,stacp,2025-09-04,202501-009,0:00:00,1.0,,Det. F. Katsaroans,,,,,,,,
2025-01-27 00:00:00,13:30:00,14:15:00,,Blood Drive,Civic Center,,,,,,,,,,,,,,0,STA&CP,STACP,stacp,2025-09-04,202501-010,,,,,,,,,,,,
2025-01-29 00:00:00,,,,LEAD,Hackensack Middle School,,,,,,,,,,,,,,1,STA&CP,STACP,stacp,2025-09-04,202501-011,0:00:00,1.0,,Det. F. Katsaroans,,,,,,,,
2025-01-29 00:00:00,,,,LEAD,Hackensack Middle School,,,,,,,,,,,,,,0,STA&CP,STACP,stacp,2025-09-04,202501-012,,1.0,,,,,,,,,,
2025-01-30 00:00:00,,,,LEAD,Hackensack Middle School,,,,,,,,,,,,,,0,STA&CP,STACP,stacp,2025-09-04,202501-013,0:00:00,1.0,,,,,,,,,,
2025-02-03 00:00:00,09:45:00,10:00:00,,African American Read-In,Fairmount School,,,,,,,,,,,,,,1,STA&CP,STACP,stacp,2025-09-04,202502-001,,,,Sgt. L. Dominguez,,,,,,,,
2025-02-05 00:00:00,,,,LEAD,Hackensack Middle School,,,,,,,,,,,,,,1,STA&CP,STACP,stacp,2025-09-04,202502-002,0:00:00,1.0,,Sgt. L. Dominguez,,,,,,,,
2025-02-05 00:00:00,,,,LEAD,Hackensack Middle School,,,,,,,,,,,,,,1,STA&CP,STACP,stacp,2025-09-04,202502-003,,1.0,,Det. F. Katsaroans,,,,,,,,
2025-02-06 00:00:00,,,,LEAD,Hackensack Middle School,,,,,,,,,,,,,,1,STA&CP,STACP,stacp,2025-09-04,202502-004,0:00:00,1.0,,Det. F. Katsaroans,,,,,,,,
2025-02-07 00:00:00,,,,LEAD,Hackensack Middle School,,,,,,,,,,,,,,1,STA&CP,STACP,stacp,2025-09-04,202502-005,,1.0,,Sgt. L. Dominguez,,,,,,,,
2025-02-10 00:00:00,,,,LEAD,Hackensack Middle School,,,,,,,,,,,,,,1,STA&CP,STACP,stacp,2025-09-04,202502-006,0:00:00,1.0,,Sgt. L. Dominguez,,,,,,,,
2025-02-11 00:00:00,,,,LEAD,Hackensack Middle School,,,,,,,,,,,,,,1,STA&CP,STACP,stacp,2025-09-04,202502-007,,1.0,,Sgt. L. Dominguez,,,,,,,,
2025-02-11 00:00:00,,,,LEAD,Hackensack Middle School,,,,,,,,,,,,,,1,STA&CP,STACP,stacp,2025-09-04,202502-008,0:00:00,1.0,,Det. F. Katsaroans,,,,,,,,
2025-02-12 00:00:00,,,,LEAD,Hackensack Middle School,,,,,,,,,,,,,,1,STA&CP,STACP,stacp,2025-09-04,202502-009,,1.0,,Sgt. L. Dominguez,,,,,,,,
2025-02-12 00:00:00,,,,LEAD,Hackensack Middle School,,,,,,,,,,,,,,1,STA&CP,STACP,stacp,2025-09-04,202502-010,0:00:00,1.0,,Det. F. Katsaroans,,,,,,,,
2025-02-13 00:00:00,,,,LEAD,Hackensack Middle School,,,,,,,,,,,,,,1,STA&CP,STACP,stacp,2025-09-04,202502-011,,1.0,,Sgt. L. Dominguez,,,,,,,,
2025-02-13 00:00:00,,,,LEAD,Hackensack Middle School,,,,,,,,,,,,,,1,STA&CP,STACP,stacp,2025-09-04,202502-012,0:00:00,1.0,,Det. F. Katsaroans,,,,,,,,
2025-02-14 00:00:00,,,,LEAD,Hackensack Middle School,,,,,,,,,,,,,,1,STA&CP,STACP,stacp,2025-09-04,202502-013,,1.0,,Sgt. L. Dominguez,,,,,,,,
2025-02-14 00:00:00,,,,LEAD,Hackensack Middle School,,,,,,,,,,,,,,1,STA&CP,STACP,stacp,2025-09-04,202502-014,0:00:00,1.0,,Det. F. Katsaroans,,,,,,,,
2025-02-20 00:00:00,,,,LEAD,Hackensack Middle School,,,,,,,,,,,,,,1,STA&CP,STACP,stacp,2025-09-04,202502-015,,1.0,,Det. F. Katsaroans,,,,,,,,
2025-02-21 00:00:00,,,,LEAD,Hackensack Middle School,,,,,,,,,,,,,,1,STA&CP,STACP,stacp,2025-09-04,202502-016,0:00:00,1.0,,Det. F. Katsaroans,,,,,,,,
2025-02-24 00:00:00,,,,LEAD,Hackensack Middle School,,,,,,,,,,,,,,1,STA&CP,STACP,stacp,2025-09-04,202502-017,,1.0,,Sgt. L. Dominguez,,,,,,,,
2025-02-24 00:00:00,,,,LEAD,Hackensack Middle School,,,,,,,,,,,,,,1,STA&CP,STACP,stacp,2025-09-04,202502-018,0:00:00,1.0,,Det. F. Katsaroans,,,,,,,,
2025-02-26 00:00:00,,,,LEAD,Hackensack Middle School,,,,,,,,,,,,,,1,STA&CP,STACP,stacp,2025-09-04,202502-019,,1.0,,Sgt. L. Dominguez,,,,,,,,
2025-02-26 00:00:00,,,,LEAD,Hackensack Middle School,,,,,,,,,,,,,,1,STA&CP,STACP,stacp,2025-09-04,202502-020,0:00:00,1.0,,Det. F. Katsaroans,,,,,,,,
2025-02-27 00:00:00,,,,LEAD,Hackensack Middle School,,,,,,,,,,,,,,1,STA&CP,STACP,stacp,2025-09-04,202502-021,,1.0,,Sgt. L. Dominguez,,,,,,,,
2025-03-03 00:00:00,13:10:00,14:00:00,,LEAD,Hackensack Middle School,,,,,,,,,,,,,,2,STA&CP,STACP,stacp,2025-09-04,202503-001,50 mins,1.0,,"Sgt. L. Dominguez, Det. F. Katsaroans",,,,,,,,
2025-03-04 00:00:00,13:10:00,14:00:00,,LEAD,Hackensack Middle School,,,,,,,,,,,,,,2,STA&CP,STACP,stacp,2025-09-04,202503-002,50 mins,1.0,,"Sgt. L. Dominguez, Det. F. Katsaroans",,,,,,,,
2025-03-04 00:00:00,11:10:00,12:10:00,,Read Across America,ECDC,,,,,,,,,,,,,,1,STA&CP,STACP,stacp,2025-09-04,202503-003,1:00:00,,,Sgt. L. Dominguez,,,,,,,,
2025-03-04 00:00:00,13:00:00,13:30:00,,Read Across America,Hillers School,,,,,,,,,,,,,,1,STA&CP,STACP,stacp,2025-09-04,202503-004,0:30:00,,,Det. F. Katsaroans,,,,,,,,
2025-03-05 00:00:00,13:10:00,14:00:00,,LEAD,Hackensack Middle School,,,,,,,,,,,,,,1,STA&CP,STACP,stacp,2025-09-04,202503-005,50 mins,1.0,,Sgt. L. Dominguez,,,,,,,,
2025-03-05 00:00:00,11:10:00,12:10:00,,Read Across America,Hillers School,,,,,,,,,,,,,,1,STA&CP,STACP,stacp,2025-09-04,202503-006,1:00:00,,,Sgt. L. Dominguez,,,,,,,,
2025-03-06 00:00:00,13:10:00,14:00:00,,LEAD,Hackensack Middle School,,,,,,,,,,,,,,2,STA&CP,STACP,stacp,2025-09-04,202503-007,50 mins,1.0,,"Sgt. L. Dominguez, Det. F. Katsaroans",,,,,,,,
2025-03-07 00:00:00,13:10:00,14:00:00,,LEAD,Hackensack Middle School,,,,,,,,,,,,,,2,STA&CP,STACP,stacp,2025-09-04,202503-008,50 mins,1.0,,"Sgt. L. Dominguez, Det. F. Katsaroans",,,,,,,,
2025-03-07 00:00:00,11:30:00,12:00:00,,Read Across America,Nellie K. Parker School,,,,,,,,,,,,,,1,STA&CP,STACP,stacp,2025-09-04,202503-009,0:30:00,,,Sgt. L. Dominguez,,,,,,,,
2025-03-11 00:00:00,13:10:00,14:00:00,,LEAD,Hackensack Middle School,,,,,,,,,,,,,,1,STA&CP,STACP,stacp,2025-09-04,202503-010,50 mins,,,Det. F. Katsaroans,,,,,,,,
2025-03-12 00:00:00,13:10:00,14:00:00,,LEAD,Hackensack Middle School,,,,,,,,,,,,,,1,STA&CP,STACP,stacp,2025-09-04,202503-011,50 mins,,,Det. F. Katsaroans,,,,,,,,
2025-03-13 00:00:00,13:10:00,14:00:00,,LEAD,Hackensack Middle School,,,,,,,,,,,,,,1,STA&CP,STACP,stacp,2025-09-04,202503-012,50 mins,,,Det. F. Katsaroans,,,,,,,,
2025-03-14 00:00:00,13:10:00,14:00:00,,LEAD,Hackensack Middle School,,,,,,,,,,,,,,1,STA&CP,STACP,stacp,2025-09-04,202503-013,50 mins,,,Det. F. Katsaroans,,,,,,,,
2025-03-17 00:00:00,13:10:00,14:00:00,,LEAD,Hackensack Middle School,,,,,,,,,,,,,,1,STA&CP,STACP,stacp,2025-09-04,202503-014,50 mins,,,Sgt. L. Dominguez,,,,,,,,
2025-03-19 00:00:00,13:10:00,14:00:00,,LEAD,Hackensack Middle School,,,,,,,,,,,,,,1,STA&CP,STACP,stacp,2025-09-04,202503-015,50 mins,,,Sgt. L. Dominguez,,,,,,,,
2025-03-20 00:00:00,13:10:00,14:00:00,,LEAD,Hackensack Middle School,,,,,,,,,,,,,,1,STA&CP,STACP,stacp,2025-09-04,202503-016,50 mins,,,Det. F. Katsaroans,,,,,,,,
2025-03-20 00:00:00,10:30:00,13:00:00,,Recruiting,Hackensack High School,,,,,,,,,,,,,,1,STA&CP,STACP,stacp,2025-09-04,202503-017,2:30:00,,,Det. F. Katsaroans,,,,,,,,
2025-03-20 00:00:00,18:30:00,19:30:00,,Recruiting,Civic Center,,,,,,,,,,,,,,1,STA&CP,STACP,stacp,2025-09-04,202503-018,1:00:00,,,Det. F. Katsaroans,,,,,,,,
2025-03-21 00:00:00,13:10:00,14:00:00,,LEAD,Hackensack Middle School,,,,,,,,,,,,,,2,STA&CP,STACP,stacp,2025-09-04,202503-019,50 mins,,,"Sgt. L. Dominguez, Det. F. Katsaroans",,,,,,,,
2025-03-24 00:00:00,13:10:00,14:00:00,,LEAD,Hackensack Middle School,,,,,,,,,,,,,,1,STA&CP,STACP,stacp,2025-09-04,202503-020,50 mins,1.0,,Det. F. Katsaroans,,,,,,,,
2025-03-25 00:00:00,13:10:00,14:00:00,,LEAD,Hackensack Middle School,,,,,,,,,,,,,,1,STA&CP,STACP,stacp,2025-09-04,202503-021,50 mins,1.0,,Det. F. Katsaroans,,,,,,,,
2025-03-26 00:00:00,13:10:00,14:00:00,,LEAD,Hackensack Middle School,,,,,,,,,,,,,,2,STA&CP,STACP,stacp,2025-09-04,202503-022,50 mins,1.0,,"Sgt. L. Dominguez, Det. F. Katsaroans",,,,,,,,
2025-03-27 00:00:00,13:10:00,14:00:00,,LEAD,Hackensack Middle School,,,,,,,,,,,,,,2,STA&CP,STACP,stacp,2025-09-04,202503-023,50 mins,1.0,,"Sgt. L. Dominguez, Det. F. Katsaroans",,,,,,,,
2025-04-01 00:00:00,13:10:00,14:00:00,,LEAD,Hackensack Middle School,,,,,,,,,,,,,,1,STA&CP,STACP,stacp,2025-09-04,,0:50:00,1.0,,Sgt. L. Dominguez,,,,,,,,
2025-04-02 00:00:00,13:10:00,14:00:00,,LEAD,Hackensack Middle School,,,,,,,,,,,,,,1,STA&CP,STACP,stacp,2025-09-04,,,1.0,,Sgt. L. Dominguez,,,,,,,,
2025-04-24 00:00:00,08:00:00,14:00:00,,Bring your Child to Work,Hackensack Police Department,,,,,,,,,,,,,,2,STA&CP,STACP,stacp,2025-09-04,,,,,"Det. F. Katsaroans, Sgt. L. Dominguez",,,,,,,,
2025-04-25 00:00:00,09:30:00,10:20:00,,Arbor Day Dedication,Nellie K. Parker School,,,,,,,,,,,,,,3,STA&CP,STACP,stacp,2025-09-04,,,,25-033795,"Sgt. L. Dominguez, Det. F. Katsaroans, LT. A. DiPersia",,,,,,,,
2025-04-25 00:00:00,10:00:00,10:30:00,,Arbor Day Reading and Giveaway,Hillers School,,,,,,,,,,,,,,3,STA&CP,STACP,stacp,2025-09-04,,,,,"Sgt. L. Dominguez, Det. F. Katsaroans, LT. A. DiPersia",,,,,,,,
2025-04-25 00:00:00,10:30:00,11:00:00,,Arbor Day Reading and Giveaway,Nellie K. Parker School,,,,,,,,,,,,,,3,STA&CP,STACP,stacp,2025-09-04,,,,,"Sgt. L. Dominguez, Det. F. Katsaroans, LT. A. DiPersia",,,,,,,,
2025-04-25 00:00:00,13:15:00,13:45:00,,Arbor Day Reading and Giveaway,Fairmount School,,,,,,,,,,,,,,2,STA&CP,STACP,stacp,2025-09-04,,,,25-033866,"Det. F. Katsaroans, LT. A. DiPersia",,,,,,,,
2025-04-25 00:00:00,14:15:00,14:45:00,,Arbor Day Reading and Giveaway,Jackson Avenue School,,,,,,,,,,,,,,2,STA&CP,STACP,stacp,2025-09-04,,,,25-033919,"Det. F. Katsaroans, Sgt. L. Dominguez",,,,,,,,
2025-04-30 00:00:00,14:00:00,14:45:00,,"Nellie K. Parker School, Nellie K. Parker School Whitaker Ceremony",Nellie K. Parker School,,,,,,,,,,,,,,2,STA&CP,STACP,stacp,2025-09-04,,,,25-035471,"Det. F. Katsaroans, LT. A. DiPersia",,,,,,,,
2025-05-08 00:00:00,13:45:00,14:45:00,,Hillers Wellness Walk,Hillers School,,,,,,,,,,,,,,1,STA&CP,STACP,stacp,2025-09-04,202505-001,1:00:00,,25-037893,Det. F. Garrett,,,,,,,,
2025-05-28 00:00:00,09:00:00,10:00:00,,South Hackensack Youth Academy Assist ,S. Hackensack ,,,,,,,,,,,,,,1,STA&CP,STACP,stacp,2025-09-04,202505-002,1:00:00,,,Det. F. Katsaroans,,,,,,,,
2025-05-28 00:00:00,10:00:00,13:30:00,,LEAD Ice Cream Handout  ,NKP / Jackson / Fairmount ,,,,,,,,,,,,,,1,STA&CP,STACP,stacp,2025-09-04,202505-003,3:30:00,,,Det. F. Katsaroans,,,,,,,,
2025-05-29 00:00:00,12:00:00,12:30:00,,LEAD Ice Cream Handout  ,Hillers School,,,,,,,,,,,,,,2,STA&CP,STACP,stacp,2025-09-04,202505-004,0:30:00,,25-044418,LT. A. DiPersia,,,,,P.O. A.Revi ,,,
2025-06-09 00:00:00,14:00:00,16:00:00,,HHS Us vs. Them ,High School ,,,,,,,,,,,,,,1,STA&CP,STACP,stacp,2025-09-04,202506-001,2:00:00,,,Det. T. James,,,,,,,,
2025-06-12 00:00:00,14:00:00,16:00:00,,HMS Us vs. Them ,Middle School ,,,,,,,,,,,,,,1,STA&CP,STACP,stacp,2025-09-04,202506-002,2:00:00,,,Det. T. James,,,,,,,,
2025-06-11 00:00:00,14:00:00,18:00:00,,Prom Show Off ,High School ,,,,,,,,,,,,,,6,STA&CP,STACP,stacp,2025-09-04,202506-003,4:00:00,,,Sgt. M. DelCarpio,,,,,"Garrett, James, Revi, McCall, O'Neill",,,
2025-06-11 00:00:00,18:00:00,23:00:00,,Prom Security ,High School ,,,,,,,,,,,,,,2,STA&CP,STACP,stacp,2025-09-04,202506-004,5:00:00,,,Det. F. Katsaroans,,,,,Det. C. Lara-Nunez,,,
2025-06-05 00:00:00,09:00:00,14:00:00,,Field Day ,Middle School ,,,,,,,,,,,,,,1,STA&CP,STACP,stacp,2025-09-04,202506-005,5:00:00,,,Det. T. James,,,,,,,,
2025-06-09 00:00:00,10:00:00,12:00:00,,RISE Prom Graduation ,High School ,,,,,,,,,,,,,,2,STA&CP,STACP,stacp,2025-09-04,202506-006,2:00:00,,,Det. C. Lara-Nunez,,,,,P.O. A.Revi ,,,
2025-06-19 00:00:00,08:00:00,12:00:00,,Middle School Graduation ,High School ,,,,,,,,,,,,,,2,STA&CP,STACP,stacp,2025-09-04,202506-007,4:00:00,,,LT. A. DiPersia,,,,,All STAB officers,,,
2025-06-23 00:00:00,07:30:00,12:00:00,,High School Graduation ,High School ,,,,,,,,,,,,,,2,STA&CP,STACP,stacp,2025-09-04,202506-008,4:30:00,,,LT. A. DiPersia,,,,,All STAB officers,,,
2025-06-24 00:00:00,10:15:00,12:15:00,,Little Ferry / Ridgefield Park Youth Acad,Little Ferry ,,,,,,,,,,,,,,1,STA&CP,STACP,stacp,2025-09-04,202506-009,2:00:00,,,Det. F. Katsaroans,,,,,,,,
2025-06-16 00:00:00,10:00:00,11:00:00,,Red Cross Blood Donation Photo ,HQ,,,,,,,,,,,,,,1,STA&CP,STACP,stacp,2025-09-04,202506-010,1:00:00,,,Det. F. Katsaroans,,,,,,,,
2025-06-18 00:00:00,14:00:00,23:00:00,,LEAD Carnival ,Foshini Park ,,,,,,,,,,,,,,2,STA&CP,STACP,stacp,2025-09-04,202506-011,9:00:00,,,LT. A. DiPersia,,,,,Multiple STAB Officers ,,,
2025-06-19 00:00:00,14:00:00,23:00:00,,LEAD Carnival ,Foshini Park ,,,,,,,,,,,,,,2,STA&CP,STACP,stacp,2025-09-04,202506-012,9:00:00,,,LT. A. DiPersia,,,,,Multiple STAB Officers ,,,
2025-06-20 00:00:00,14:00:00,23:00:00,,LEAD Carnival ,Foshini Park ,,,,,,,,,,,,,,2,STA&CP,STACP,stacp,2025-09-04,202506-013,9:00:00,,,LT. A. DiPersia,,,,,Multiple STAB Officers ,,,
2025-06-21 00:00:00,14:00:00,23:00:00,,LEAD Carnival ,Foshini Park ,,,,,,,,,,,,,,2,STA&CP,STACP,stacp,2025-09-04,202506-014,9:00:00,,,LT. A. DiPersia,,,,,Multiple STAB Officers ,,,
2025-06-22 00:00:00,14:00:00,23:00:00,,LEAD Carnival ,Foshini Park ,,,,,,,,,,,,,,2,STA&CP,STACP,stacp,2025-09-04,202506-015,9:00:00,,,LT. A. DiPersia,,,,,Multiple STAB Officers ,,,
2025-06-23 00:00:00,14:00:00,23:00:00,,LEAD Carnival ,Foshini Park ,,,,,,,,,,,,,,0,STA&CP,STACP,stacp,2025-09-04,202506-016,9:00:00,,,,,,,,,,,
2025-07-01 00:00:00,2025-07-01 09:00:00,2025-07-01 10:00:00,,Veterans Collaboration Meeting,1 Bergen County Plaza,,,,,,,,,,,,,1.0,1,STA&CP,STACP,stacp,2025-09-04,202507-001,1:00:00,,,Det. F. Katsaroans,,,,,,,,
2025-07-22 00:00:00,18:00:00,21:00:00,,Youth Night ,MM Center ,,,,,,,,,,,,,,8,STA&CP,STACP,stacp,2025-09-04,202507-002,3:00:00,,,"Det. C. Lara-Nunez, Det. E. Reyes, Det. F. Garrett, Det. F. Katsaroans, Det. T. James, LT. A. DiPersia, Sgt. M. DelCarpio",,,,,All STAB officers,,,
2025-08-01 00:00:00,19:00:00,20:00:00,,Sounds of Summer Concert,Atlantic Street Park ,,,,,,,,,,,,,,1,STA&CP,STACP,stacp,2025-09-04,202508-001,1:00:00,,,Det. F. Garrett,,,,,,,,
2025-08-05 00:00:00,18:00:00,21:00:00,,National Night Out ,Atlantic Street Park ,,,,,,,,,,,,,,8,STA&CP,STACP,stacp,2025-09-04,202508-002,3:00:00,,,"Det. C. Lara-Nunez, Det. E. Reyes, Det. F. Garrett, Det. F. Katsaroans, Det. T. James, LT. A. DiPersia, Sgt. M. DelCarpio",,,,,All STAB officers,,,
2025-08-06 00:00:00,18:00:00,19:00:00,,Basketball Game ,Carver Park ,,,,,,,,,,,,,,1,STA&CP,STACP,stacp,2025-09-04,202508-003,1:00:00,,,Det. F. Garrett,,,,,,,,
2025-08-14 00:00:00,18:00:00,21:00:00,,Youth Night ,MM Center ,,,,,,,,,,,,,,8,STA&CP,STACP,stacp,2025-09-04,202508-004,3:00:00,,,"Det. E. Reyes, Det. F. Garrett, Det. C. Lara-Nunez, Det. F. Katsaroans, Det. T. James, LT. A. DiPersia, Sgt. M. DelCarpio",,,,,All STAB officers,,,
2025-08-21 00:00:00,10:00:00,11:00:00,,Back to School Presentation ,Christian High School ,,,,,,,,,,,,,,4,STA&CP,STACP,stacp,2025-09-04,202508-005,1:00:00,,,"Det. F. Katsaroans, Sgt. M. DelCarpio",,,,,Sgt. Del Carpio / Det. Katsaroans,,,
2024-01-02 00:00:00,,,,Community Outreach,HACPAC,,,,,,,,,,,,,,2,Patrol,Patrol,patrol,2025-09-04,,,,,,,,,,,Summer Concert,"Scangarella, B. Rivera",
2024-01-02 00:00:00,,,,Main Street,Main St.,,,,,,,,,,,,,,1,Patrol,Patrol,patrol,2025-09-04,,,,,,,,,,,Main St. Patrol,PO Mattalian,
2024-01-08 00:00:00,,,,Community Outreach,Atlantic Street Park,,,,,,,,,,,,,,1,Patrol,Patrol,patrol,2025-09-04,,,,,,,,,,,Summer Concert,B. Rivera,
2024-01-08 00:00:00,,,,Main Street,Main St.,,,,,,,,,,,,,,1,Patrol,Patrol,patrol,2025-09-04,,,,,,,,,,,Main St. Patrol,PO Estrada,
2024-01-09 00:00:00,,,,Community Outreach,3 University Plaza,,,,,,,,,,,,,,1,Patrol,Patrol,patrol,2025-09-04,,,,,,,,,,,Back to School Night,P. Lopez,
2024-01-09 00:00:00,,,,Main Street,Main St.,,,,,,,,,,,,,,1,Patrol,Patrol,patrol,2025-09-04,,,,,,,,,,,Main St. Patrol,PO Scarpa,
2024-01-12 00:00:00,,,,Community Outreach,72 Lodi,,,,,,,,,,,,,,1,Patrol,Patrol,patrol,2025-09-04,,,,,,,,,,,St. Anthony's Block Watch,Tabares,
2024-01-12 00:00:00,,,,Main Street,Main St.,,,,,,,,,,,,,,1,Patrol,Patrol,patrol,2025-09-04,,,,,,,,,,,Main St. Patrol,PO Koenig,
2024-01-16 00:00:00,,,,Community Outreach,Civic Center,,,,,,,,,,,,,,1,Patrol,Patrol,patrol,2025-09-04,,,,,,,,,,,Heartsaver Certification Class,Tedesco,
2024-01-16 00:00:00,,,,Main Street,Main St.,,,,,,,,,,,,,,1,Patrol,Patrol,patrol,2025-09-04,,,,,,,,,,,Main St. Patrol,PO Scarpa,
2024-01-30 00:00:00,,,,Community Outreach,M&M Center,,,,,,,,,,,,,,1,Patrol,Patrol,patrol,2025-09-04,,,,,,,,,,,Dance for the Cure,P. Lopez,
2024-01-30 00:00:00,,,,Main Street,Main St.,,,,,,,,,,,,,,1,Patrol,Patrol,patrol,2025-09-04,,,,,,,,,,,Main St. Patrol,PO Scarpa,
2024-02-01 00:00:00,,,,Community Outreach,Nellie K. Parker,,,,,,,,,,,,,,1,Patrol,Patrol,patrol,2025-09-04,,,,,,,,,,,Halloween Parade,W. Rivera,
2024-02-01 00:00:00,,,,Main Street,Main St.,,,,,,,,,,,,,,1,Patrol,Patrol,patrol,2025-09-04,,,,,,,,,,,Main St. Patrol,PO Lara-Nunez,
2024-02-02 00:00:00,,,,Community Outreach,Hillers,,,,,,,,,,,,,,1,Patrol,Patrol,patrol,2025-09-04,,,,,,,,,,,Halloween Parade,Salas,
2024-02-02 00:00:00,,,,Main Street,Main St.,,,,,,,,,,,,,,2,Patrol,Patrol,patrol,2025-09-04,,,,,,,,,,,Main St. Patrol,PO Papanikolaou/PO Lorenzo,
2024-02-05 00:00:00,,,,Community Outreach,2 Bergen Plaza,,,,,,,,,,,,,,1,Patrol,Patrol,patrol,2025-09-04,,,,,,,,,,,NAACP Event,Tedesco,
2024-02-05 00:00:00,,,,Main Street,Main St.,,,,,,,,,,,,,,1,Patrol,Patrol,patrol,2025-09-04,,,,,,,,,,,Main St. Patrol,PO Reyes,
2024-02-08 00:00:00,,,,Community Outreach,The Green,,,,,,,,,,,,,,1,Patrol,Patrol,patrol,2025-09-04,,,,,,,,,,,Veterans' Day,Squad formation,
2024-02-08 00:00:00,,,,Main Street,Main St.,,,,,,,,,,,,,,1,Patrol,Patrol,patrol,2025-09-04,,,,,,,,,,,Main St. Patrol,PO Gibson,
2024-02-09 00:00:00,,,,Community Outreach,Civic Center,,,,,,,,,,,,,,1,Patrol,Patrol,patrol,2025-09-04,,,,,,,,,,,CPR Engagement,Rivera,
2024-02-09 00:00:00,,,,Main Street,Main St.,,,,,,,,,,,,,,1,Patrol,Patrol,patrol,2025-09-04,,,,,,,,,,,Main St. Patrol,PO Tabares,
2024-02-12 00:00:00,,,,Community Outreach,2 Bergen Plaza,,,,,,,,,,,,,,1,Patrol,Patrol,patrol,2025-09-04,,,,,,,,,,,DWI Awareness,Tedesco,
2024-02-12 00:00:00,,,,Main Street,Main St.,,,,,,,,,,,,,,1,Patrol,Patrol,patrol,2025-09-04,,,,,,,,,,,Main St. Patrol,PO Almonte,
2024-02-13 00:00:00,,,,Community Outreach,102 State,,,,,,,,,,,,,,1,Patrol,Patrol,patrol,2025-09-04,,,,,,,,,,,HACPAC,Tedesco,
2024-02-13 00:00:00,,,,Main Street,Main St.,,,,,,,,,,,,,,1,Patrol,Patrol,patrol,2025-09-04,,,,,,,,,,,Main St. Patrol,PO Tedesco,
2024-02-15 00:00:00,,,,Community Outreach,Tree Lighting,,,,,,,,,,,,,,1,Patrol,Patrol,patrol,2025-09-04,,,,,,,,,,,The Green,P. Lopez,
2024-02-15 00:00:00,,,,Main Street,Main St.,,,,,,,,,,,,,,1,Patrol,Patrol,patrol,2025-09-04,,,,,,,,,,,Main St. Patrol,PO Lemanowicz,
2024-02-16 00:00:00,,,,Community Outreach,160 Ames St,,,,,,,,,,,,,,2,Patrol,Patrol,patrol,2025-09-04,,,,,,,,,,,169 Ames St,Tedesco / Salas,
2024-02-16 00:00:00,,,,Main Street,Main St.,,,,,,,,,,,,,,1,Patrol,Patrol,patrol,2025-09-04,,,,,,,,,,,Main St. Patrol,PO A. Marza,
2024-02-17 00:00:00,,,,Community Outreach,340 Hudson St.,,,,,,,,,,,,,,1,Patrol,Patrol,patrol,2025-09-04,,,,,,,,,,,340 Hudson St,Salas,
2024-02-17 00:00:00,,,,Main Street,Main St.,,,,,,,,,,,,,,1,Patrol,Patrol,patrol,2025-09-04,,,,,,,,,,,Main St. Patrol,PO Gibson,
2024-03-01 00:00:00,,,,Community Outreach,Foschini Park,,,,,,,,,,,,,,1,Patrol,Patrol,patrol,2025-09-04,,,,,,,,,,,Hackensack Baseball/Softball,Gibson,
2024-03-01 00:00:00,,,,Main Street,Main St.,,,,,,,,,,,,,,1,Patrol,Patrol,patrol,2025-09-04,,,,,,,,,,,Main St. Patrol,PO O'Neill,
2024-03-05 00:00:00,,,,Community Outreach,Civic Center,,,,,,,,,,,,,,1,Patrol,Patrol,patrol,2025-09-04,,,,,,,,,,,Mental Health Clinic,Caero,
2024-03-05 00:00:00,,,,Main Street,Main St.,,,,,,,,,,,,,,1,Patrol,Patrol,patrol,2025-09-04,,,,,,,,,,,Main St. Patrol,PO Caneja,
2024-03-07 00:00:00,,,,Community Outreach,Mt. Olive,,,,,,,,,,,,,,1,Patrol,Patrol,patrol,2025-09-04,,,,,,,,,,,Food Giveaway,Koenig,
2024-03-07 00:00:00,,,,Main Street,Main St.,,,,,,,,,,,,,,1,Patrol,Patrol,patrol,2025-09-04,,,,,,,,,,,Main St. Patrol,PO Scangarella,
2024-03-08 00:00:00,,,,Community Outreach,M&M Center,,,,,,,,,,,,,,1,Patrol,Patrol,patrol,2025-09-04,,,,,,,,,,,Community Meeting,Mena,
2024-03-08 00:00:00,,,,Main Street,Main St.,,,,,,,,,,,,,,1,Patrol,Patrol,patrol,2025-09-04,,,,,,,,,,,Main St. Patrol,PO Conlon,
2024-03-12 00:00:00,,,,Community Outreach,Veteran's Park,,,,,,,,,,,,,,1,Patrol,Patrol,patrol,2025-09-04,,,,,,,,,,,Memorial Day,Scangarella,
2024-03-12 00:00:00,,,,Main Street,Main St.,,,,,,,,,,,,,,1,Patrol,Patrol,patrol,2025-09-04,,,,,,,,,,,Main St. Patrol,PO Scarpa,
2024-03-14 00:00:00,,,,Community Outreach,Eastwick College,,,,,,,,,,,,,,1,Patrol,Patrol,patrol,2025-09-04,,,,,,,,,,,Pet Care Fair,Salas,
2024-03-14 00:00:00,,,,Main Street,Main St.,,,,,,,,,,,,,,1,Patrol,Patrol,patrol,2025-09-04,,,,,,,,,,,Main St. Patrol,PO Scangarella,
2024-03-18 00:00:00,,,,Community Outreach,Carver Park,,,,,,,,,,,,,,1,Patrol,Patrol,patrol,2025-09-04,,,,,,,,,,,Juneteenth,Tabares,
2024-03-18 00:00:00,,,,Main Street,Main St.,,,,,,,,,,,,,,1,Patrol,Patrol,patrol,2025-09-04,,,,,,,,,,,Main St. Patrol,PO N. Marza,
2024-03-19 00:00:00,,,,Community Outreach,Temple Beth El,,,,,,,,,,,,,,1,Patrol,Patrol,patrol,2025-09-04,,,,,,,,,,,Shabath,Farhi,
2024-03-19 00:00:00,,,,Main Street,Main St.,,,,,,,,,,,,,,1,Patrol,Patrol,patrol,2025-09-04,,,,,,,,,,,Main St. Patrol,PO Caneja,
2024-03-20 00:00:00,,,,Community Outreach,HACPAC,,,,,,,,,,,,,,1,Patrol,Patrol,patrol,2025-09-04,,,,,,,,,,,Summer Concert,Mena,
2024-03-20 00:00:00,,,,Main Street,Main St.,,,,,,,,,,,,,,1,Patrol,Patrol,patrol,2025-09-04,,,,,,,,,,,Main St. Patrol,PO Estrada,
2024-03-21 00:00:00,,,,Community Outreach,HACPAC,,,,,,,,,,,,,,1,Patrol,Patrol,patrol,2025-09-04,,,,,,,,,,,Summer Concert,Gibson,
2024-03-21 00:00:00,,,,Main Street,Main St.,,,,,,,,,,,,,,1,Patrol,Patrol,patrol,2025-09-04,,,,,,,,,,,Main St. Patrol,PO Mattalian,
2024-03-26 00:00:00,,,,Community Outreach,Atlantic Street Park,,,,,,,,,,,,,,1,Patrol,Patrol,patrol,2025-09-04,,,,,,,,,,,Yoga,Tedesco,
2024-03-26 00:00:00,,,,Main Street,Main St.,,,,,,,,,,,,,,1,Patrol,Patrol,patrol,2025-09-04,,,,,,,,,,,Main St. Patrol,PO N. Marza,
2024-03-27 00:00:00,,,,Community Outreach,Court Street & Main Street,,,,,,,,,,,,,,5,Patrol,Patrol,patrol,2025-09-04,,,,,,,,,,,Salsa with a Cop,"Tabares, Caero, Mora, Carrillo, Revi",
2024-03-27 00:00:00,,,,Main Street,Main St.,,,,,,,,,,,,,,1,Patrol,Patrol,patrol,2025-09-04,,,,,,,,,,,Main St. Patrol,PO DeBonis,
2025-01-06 00:00:00,,,,Main Street,Main St.,,,,,,,,,,,,,,1,Patrol,Patrol,patrol,2025-09-04,,,,,,,,,,,Main St. Patrol,B. Rivera,
2025-01-07 00:00:00,,,,Main Street,Main St.,,,,,,,,,,,,,,1,Patrol,Patrol,patrol,2025-09-04,,,,,,,,,,,Main St. Patrol,Scangarella,
2025-01-13 00:00:00,,,,Main Street,Main St.,,,,,,,,,,,,,,1,Patrol,Patrol,patrol,2025-09-04,,,,,,,,,,,Main St. Patrol,Alvarez,
2025-01-14 00:00:00,,,,Main Street,Main St.,,,,,,,,,,,,,,1,Patrol,Patrol,patrol,2025-09-04,,,,,,,,,,,Main St. Patrol,Bonsu,
2025-01-15 00:00:00,,,,Main Street,Main St.,,,,,,,,,,,,,,1,Patrol,Patrol,patrol,2025-09-04,,,,,,,,,,,Main St. Patrol,Scangarella,
2025-01-22 00:00:00,,,,Main Street,Main St.,,,,,,,,,,,,,,1,Patrol,Patrol,patrol,2025-09-04,,,,,,,,,,,Main St. Patrol,Small,
2025-01-30 00:00:00,,,,Main Street,Main St.,,,,,,,,,,,,,,1,Patrol,Patrol,patrol,2025-09-04,,,,,,,,,,,Main St. Patrol,Bonsu,
2025-02-02 00:00:00,,,,Main Street,Main St.,,,,,,,,,,,,,,1,Patrol,Patrol,patrol,2025-09-04,,,,,,,,,,,Main St. Patrol,Mena,
2025-02-09 00:00:00,,,,Main Street,Main St.,,,,,,,,,,,,,,1,Patrol,Patrol,patrol,2025-09-04,,,,,,,,,,,Main St. Patrol,Miller,
2025-02-10 00:00:00,,,,Main Street,Main St.,,,,,,,,,,,,,,1,Patrol,Patrol,patrol,2025-09-04,,,,,,,,,,,Main St. Patrol,Almonte,
2025-02-17 00:00:00,,,,Main Street,Main St.,,,,,,,,,,,,,,1,Patrol,Patrol,patrol,2025-09-04,,,,,,,,,,,Main St. Patrol,Mena,
2025-04-27 00:00:00,,,,Main Street,Main St.,,,,,,,,,,,,,,1,Patrol,Patrol,patrol,2025-09-04,,,,,,,,,,,Main St. Patrol,Antista,
2025-04-30 00:00:00,,,,Main Street,Main St.,,,,,,,,,,,,,,1,Patrol,Patrol,patrol,2025-09-04,,,,,,,,,,,Main St. Patrol,Antista,
2025-06-22 00:00:00,,,,Community Outreach,,,,,,,,,,,,,,,3,Patrol,Patrol,patrol,2025-09-04,,,,,,,,,,,302 Second Street,"Salas, Francavilla, L. Dominguez",
2025-06-22 00:00:00,,,,Community Outreach,M&M Center,,,,,,,,,,,,,,1,Patrol,Patrol,patrol,2025-09-04,,,,,,,,,,,116 Holt Street,Salas,
2025-08-14 00:00:00,,,,Community Outreach,M&M Center,,,,,,,,,,,,,,1,Patrol,Patrol,patrol,2025-09-04,,,,,,,,,,,116 Holt Street,P.Lopez,
2025-08-25 00:00:00,,,,Community Outreach,Jackson Ave. School,,,,,,,,,,,,,,1,Patrol,Patrol,patrol,2025-09-04,,,,,,,,,,,421 Jackson Avenue,Salas,
2025-08-31 00:00:00,,,,Community Outreach,New Hope Church,,,,,,,,,,,,,,1,Patrol,Patrol,patrol,2025-09-04,,,,,,,,,,,214 Berdan Pl,Gibson,
2025-01-31,08:00,17:00,,Arrests,Various,,,,,,,,,,,,,8.0,3,Crime Suppression Bureau,Community Services Bureau,csb,2025-09-04,,,,,,,,,,,,,CSB Arrests - Count: 3
2025-01-01,08:00,17:00,,Arrests (Monthly Total),Various,,,,,,,,,,,,,8.0,3,Crime Suppression Bureau,Community Services Bureau,csb,2025-09-04,,,,,,,,,,,,,CSB Arrests - Count: 3
2025-01-31,08:00,17:00,,Assist Outside Agency,Various,,,,,,,,,,,,,8.0,1,Crime Suppression Bureau,Community Services Bureau,csb,2025-09-04,,,,,,,,,,,,,CSB Assist Outside Agency - Count: 1
2025-01-01,08:00,17:00,,Assist Outside Agency (Monthly Total),Various,,,,,,,,,,,,,8.0,1,Crime Suppression Bureau,Community Services Bureau,csb,2025-09-04,,,,,,,,,,,,,CSB Assist Outside Agency - Count: 1
2025-01-31,08:00,17:00,,City Ordinance Citation,Various,,,,,,,,,,,,,8.0,1,Crime Suppression Bureau,Community Services Bureau,csb,2025-09-04,,,,,,,,,,,,,CSB City Ordinance Citation - Count: 1
2025-01-01,08:00,17:00,,City Ordinance Citation (Monthly Total),Various,,,,,,,,,,,,,8.0,1,Crime Suppression Bureau,Community Services Bureau,csb,2025-09-04,,,,,,,,,,,,,CSB City Ordinance Citation - Count: 1
2025-01-31,08:00,17:00,,Criminal Intelligence Reports,Various,,,,,,,,,,,,,8.0,1,Crime Suppression Bureau,Community Services Bureau,csb,2025-09-04,,,,,,,,,,,,,CSB Criminal Intelligence Reports - Count: 1
2025-01-01,08:00,17:00,,Criminal Intelligence Reports (Monthly Total),Various,,,,,,,,,,,,,8.0,1,Crime Suppression Bureau,Community Services Bureau,csb,2025-09-04,,,,,,,,,,,,,CSB Criminal Intelligence Reports - Count: 1
2025-01-31,08:00,17:00,,Currency Seized,Various,,,,,,,,,,,,,8.0,1,Crime Suppression Bureau,Community Services Bureau,csb,2025-09-04,,,,,,,,,,,,,CSB Currency Seized - Count: 1
2025-01-01,08:00,17:00,,Currency Seized (Monthly Total),Various,,,,,,,,,,,,,8.0,1,Crime Suppression Bureau,Community Services Bureau,csb,2025-09-04,,,,,,,,,,,,,CSB Currency Seized - Count: 1
2025-01-31,08:00,17:00,,Generated Complaints,Various,,,,,,,,,,,,,8.0,1,Crime Suppression Bureau,Community Services Bureau,csb,2025-09-04,,,,,,,,,,,,,CSB Generated Complaints - Count: 1
2025-01-01,08:00,17:00,,Generated Complaints (Monthly Total),Various,,,,,,,,,,,,,8.0,1,Crime Suppression Bureau,Community Services Bureau,csb,2025-09-04,,,,,,,,,,,,,CSB Generated Complaints - Count: 1
2025-01-31,08:00,17:00,,Motor Vehicle Stops,Various,,,,,,,,,,,,,8.0,16,Crime Suppression Bureau,Community Services Bureau,csb,2025-09-04,,,,,,,,,,,,,CSB Motor Vehicle Stops - Count: 16
2025-01-01,08:00,17:00,,Motor Vehicle Stops (Monthly Total),Various,,,,,,,,,,,,,8.0,16,Crime Suppression Bureau,Community Services Bureau,csb,2025-09-04,,,,,,,,,,,,,CSB Motor Vehicle Stops - Count: 16
2025-01-31,08:00,17:00,,Search Warrants Executed,Various,,,,,,,,,,,,,8.0,2,Crime Suppression Bureau,Community Services Bureau,csb,2025-09-04,,,,,,,,,,,,,CSB Search Warrants Executed - Count: 2
2025-01-01,08:00,17:00,,Search Warrants Executed (Monthly Total),Various,,,,,,,,,,,,,8.0,2,Crime Suppression Bureau,Community Services Bureau,csb,2025-09-04,,,,,,,,,,,,,CSB Search Warrants Executed - Count: 2
2025-01-31,08:00,17:00,,Subpoenas Generated,Various,,,,,,,,,,,,,8.0,5,Crime Suppression Bureau,Community Services Bureau,csb,2025-09-04,,,,,,,,,,,,,CSB Subpoenas Generated - Count: 5
2025-01-01,08:00,17:00,,Subpoenas Generated (Monthly Total),Various,,,,,,,,,,,,,8.0,5,Crime Suppression Bureau,Community Services Bureau,csb,2025-09-04,,,,,,,,,,,,,CSB Subpoenas Generated - Count: 5
2025-01-31,08:00,17:00,,Surveillance Reports,Various,,,,,,,,,,,,,8.0,7,Crime Suppression Bureau,Community Services Bureau,csb,2025-09-04,,,,,,,,,,,,,CSB Surveillance Reports - Count: 7
2025-01-01,08:00,17:00,,Surveillance Reports (Monthly Total),Various,,,,,,,,,,,,,8.0,7,Crime Suppression Bureau,Community Services Bureau,csb,2025-09-04,,,,,,,,,,,,,CSB Surveillance Reports - Count: 7
2025-01-31,08:00,17:00,,Warrant Arrests,Various,,,,,,,,,,,,,8.0,3,Crime Suppression Bureau,Community Services Bureau,csb,2025-09-04,,,,,,,,,,,,,CSB Warrant Arrests - Count: 3
2025-01-01,08:00,17:00,,Warrant Arrests (Monthly Total),Various,,,,,,,,,,,,,8.0,3,Crime Suppression Bureau,Community Services Bureau,csb,2025-09-04,,,,,,,,,,,,,CSB Warrant Arrests - Count: 3
